dteday,hr,temp,hum,windspeed,atemp
2013-01-01 00:00:00,0,4.4,48,11.2,4.4
2013-01-01 01:00:00,1,3.9,62,11.2,3.9
2013-01-01 02:00:00,2,3.9,59,11.2,3.9
2013-01-01 03:00:00,3,4.4,55,9.4,4.4
2013-01-01 04:00:00,4,3.9,64,9.4,3.9
2013-01-01 05:00:00,5,3.9,57,9.4,3.9
2013-01-01 06:00:00,6,3.3,67,11.2,3.3
2013-01-01 07:00:00,7,4.4,57,11.2,4.4
2013-01-01 08:00:00,8,4.4,57,5.4,4.4
2013-01-01 09:00:00,9,3.9,62,11.2,3.9
2013-01-01 10:00:00,10,4.4,55,0.0,4.4
2013-01-01 11:00:00,11,4.4,60,0.0,4.4
2013-01-01 12:00:00,12,3.9,67,0.0,3.9
2013-01-01 13:00:00,13,3.9,72,7.6,3.9
2013-01-01 14:00:00,14,5.0,60,0.0,5.0
2013-01-01 15:00:00,15,6.7,47,0.0,6.7
2013-01-01 16:00:00,16,6.7,49,7.6,6.7
2013-01-01 17:00:00,17,6.7,51,11.2,6.7
2013-01-01 18:00:00,18,7.2,51,11.2,7.2
2013-01-01 19:00:00,19,7.2,51,11.2,7.2
2013-01-01 20:00:00,20,7.2,51,13.0,7.2
2013-01-01 21:00:00,21,7.2,51,9.4,7.2
2013-01-01 22:00:00,22,6.7,53,7.6,6.7
2013-01-01 23:00:00,23,7.2,51,13.0,7.2
2013-01-02 00:00:00,0,6.1,55,20.5,6.1
2013-01-02 01:00:00,1,5.6,57,18.4,5.6
2013-01-02 02:00:00,2,5.6,57,22.3,5.6
2013-01-02 03:00:00,3,5.6,57,18.4,5.6
2013-01-02 04:00:00,4,5.0,60,18.4,5.0
2013-01-02 05:00:00,5,4.4,62,7.6,4.4
2013-01-02 06:00:00,6,4.4,60,16.6,4.4
2013-01-02 07:00:00,7,3.9,59,16.6,3.9
2013-01-02 08:00:00,8,3.3,54,9.4,3.3
2013-01-02 09:00:00,9,3.3,57,9.4,3.3
2013-01-02 10:00:00,10,2.8,56,9.4,2.8
2013-01-02 11:00:00,11,2.2,56,13.0,2.2
2013-01-02 12:00:00,12,1.7,56,14.8,1.7
2013-01-02 13:00:00,13,1.1,56,22.3,1.1
2013-01-02 14:00:00,14,1.7,52,18.4,1.7
2013-01-02 15:00:00,15,2.2,48,11.2,2.2
2013-01-02 16:00:00,16,2.8,48,22.3,2.8
2013-01-02 17:00:00,17,2.2,46,16.6,2.2
2013-01-02 18:00:00,18,2.8,42,16.6,2.8
2013-01-02 19:00:00,19,3.9,41,22.3,3.9
2013-01-02 20:00:00,20,3.3,40,24.1,3.3
2013-01-02 21:00:00,21,2.2,42,18.4,2.2
2013-01-02 22:00:00,22,1.7,44,16.6,1.7
2013-01-02 23:00:00,23,1.7,42,11.2,1.7
2013-01-03 00:00:00,0,0.6,45,11.2,0.6
2013-01-03 01:00:00,1,1.1,38,13.0,1.1
2013-01-03 02:00:00,2,0.0,43,11.2,0.0
2013-01-03 03:00:00,3,0.6,39,7.6,0.6
2013-01-03 04:00:00,4,0.0,41,7.6,0.0
2013-01-03 05:00:00,5,-0.6,45,11.2,-0.6
2013-01-03 06:00:00,6,-1.1,47,9.4,-1.1
2013-01-03 07:00:00,7,0.0,45,11.2,0.0
2013-01-03 08:00:00,8,-0.6,47,11.2,-0.6
2013-01-03 09:00:00,9,-0.6,49,9.4,-0.6
2013-01-03 10:00:00,10,-1.1,51,13.0,-1.1
2013-01-03 11:00:00,11,-1.1,51,9.4,-1.1
2013-01-03 12:00:00,12,-0.6,47,7.6,-0.6
2013-01-03 13:00:00,13,-1.1,51,7.6,-1.1
2013-01-03 14:00:00,14,-0.6,49,0.0,-0.6
2013-01-03 15:00:00,15,0.0,47,0.0,0.0
2013-01-03 16:00:00,16,0.6,47,9.4,0.6
2013-01-03 17:00:00,17,1.7,45,11.2,1.7
2013-01-03 18:00:00,18,2.2,48,11.2,2.2
2013-01-03 19:00:00,19,2.8,48,16.6,2.8
2013-01-03 20:00:00,20,3.3,48,16.6,3.3
2013-01-03 21:00:00,21,2.8,50,16.6,2.8
2013-01-03 22:00:00,22,2.8,46,13.0,2.8
2013-01-03 23:00:00,23,1.7,52,9.4,1.7
2013-01-04 00:00:00,0,0.6,61,11.2,0.6
2013-01-04 01:00:00,1,1.1,56,7.6,1.1
2013-01-04 02:00:00,2,0.6,58,11.2,0.6
2013-01-04 03:00:00,3,-0.6,63,11.2,-0.6
2013-01-04 04:00:00,4,0.0,64,9.4,0.0
2013-01-04 05:00:00,5,0.0,69,0.0,0.0
2013-01-04 06:00:00,6,-0.6,66,0.0,-0.6
2013-01-04 07:00:00,7,-0.6,72,0.0,-0.6
2013-01-04 08:00:00,8,-1.7,75,7.6,-1.7
2013-01-04 09:00:00,9,-1.1,69,5.4,-1.1
2013-01-04 10:00:00,10,-0.6,63,9.4,-0.6
2013-01-04 11:00:00,11,0.0,58,7.6,0.0
2013-01-04 12:00:00,12,0.6,53,5.4,0.6
2013-01-04 13:00:00,13,0.6,56,9.4,0.6
2013-01-04 14:00:00,14,2.2,52,11.2,2.2
2013-01-04 15:00:00,15,3.9,44,16.6,3.9
2013-01-04 16:00:00,16,5.0,39,25.9,5.0
2013-01-04 17:00:00,17,6.1,38,14.8,6.1
2013-01-04 18:00:00,18,6.7,36,16.6,6.7
2013-01-04 19:00:00,19,7.2,35,14.8,7.2
2013-01-04 20:00:00,20,7.2,34,24.1,7.2
2013-01-04 21:00:00,21,7.2,34,16.6,7.2
2013-01-04 22:00:00,22,6.7,33,16.6,6.7
2013-01-04 23:00:00,23,6.1,35,20.5,6.1
2013-01-05 00:00:00,0,5.0,38,16.6,5.0
2013-01-05 01:00:00,1,4.4,39,11.2,4.4
2013-01-05 02:00:00,2,3.9,39,16.6,3.9
2013-01-05 03:00:00,3,2.8,44,7.6,2.8
2013-01-05 04:00:00,4,3.3,42,16.6,3.3
2013-01-05 05:00:00,5,2.8,44,5.4,2.8
2013-01-05 06:00:00,6,1.7,49,7.6,1.7
2013-01-05 07:00:00,7,1.1,52,13.0,1.1
2013-01-05 08:00:00,8,0.6,53,11.2,0.6
2013-01-05 09:00:00,9,2.2,44,7.6,2.2
2013-01-05 10:00:00,10,2.8,46,13.0,2.8
2013-01-05 11:00:00,11,2.8,46,18.4,2.8
2013-01-05 12:00:00,12,2.2,50,18.4,2.2
2013-01-05 13:00:00,13,2.2,50,20.5,2.2
2013-01-05 14:00:00,14,3.3,46,9.4,3.3
2013-01-05 15:00:00,15,4.4,44,9.4,4.4
2013-01-05 16:00:00,16,5.6,41,9.4,5.6
2013-01-05 17:00:00,17,6.7,38,0.0,6.7
2013-01-05 18:00:00,18,7.2,36,11.2,7.2
2013-01-05 19:00:00,19,7.8,35,0.0,7.8
2013-01-05 20:00:00,20,7.2,36,9.4,7.2
2013-01-05 21:00:00,21,6.7,41,5.4,6.7
2013-01-05 22:00:00,22,6.1,43,0.0,6.1
2013-01-05 23:00:00,23,5.0,51,0.0,5.0
2013-01-06 00:00:00,0,4.4,60,5.4,4.4
2013-01-06 01:00:00,1,4.4,50,5.4,4.4
2013-01-06 02:00:00,2,3.9,62,11.2,3.9
2013-01-06 03:00:00,3,3.3,64,7.6,3.3
2013-01-06 04:00:00,4,3.9,67,16.6,3.9
2013-01-06 05:00:00,5,4.4,70,14.8,4.4
2013-01-06 06:00:00,6,4.4,70,20.5,4.4
2013-01-06 07:00:00,7,4.4,68,5.4,4.4
2013-01-06 08:00:00,8,4.4,68,5.4,4.4
2013-01-06 09:00:00,9,3.9,72,5.4,3.9
2013-01-06 10:00:00,10,4.4,68,0.0,4.4
2013-01-06 11:00:00,11,2.8,78,0.0,2.8
2013-01-06 12:00:00,12,2.2,82,0.0,2.2
2013-01-06 13:00:00,13,1.7,82,0.0,1.7
2013-01-06 14:00:00,14,2.8,82,5.4,2.8
2013-01-06 15:00:00,15,5.0,65,0.0,5.0
2013-01-06 16:00:00,16,6.1,65,11.2,6.1
2013-01-06 17:00:00,17,7.8,51,11.2,7.8
2013-01-06 18:00:00,18,8.9,51,13.0,8.9
2013-01-06 19:00:00,19,10.0,42,16.6,10.0
2013-01-06 20:00:00,20,9.4,46,20.5,9.4
2013-01-06 21:00:00,21,11.1,35,20.5,11.1
2013-01-06 22:00:00,22,10.6,36,14.8,10.6
2013-01-06 23:00:00,23,10.6,35,13.0,10.6
2013-01-07 00:00:00,0,10.0,37,7.6,10.0
2013-01-07 01:00:00,1,10.0,37,11.2,10.0
2013-01-07 02:00:00,2,9.4,39,14.8,9.4
2013-01-07 03:00:00,3,8.9,40,11.2,8.9
2013-01-07 04:00:00,4,8.9,39,9.4,8.9
2013-01-07 05:00:00,5,7.8,43,7.6,7.8
2013-01-07 06:00:00,6,7.8,47,18.4,7.8
2013-01-07 07:00:00,7,7.2,49,13.0,7.2
2013-01-07 08:00:00,8,7.2,51,11.2,7.2
2013-01-07 09:00:00,9,7.2,51,18.4,7.2
2013-01-07 10:00:00,10,7.2,47,18.4,7.2
2013-01-07 11:00:00,11,6.7,49,16.6,6.7
2013-01-07 12:00:00,12,6.7,45,22.3,6.7
2013-01-07 13:00:00,13,6.1,49,14.8,6.1
2013-01-07 14:00:00,14,6.7,47,20.5,6.7
2013-01-07 15:00:00,15,6.7,47,18.4,6.7
2013-01-07 16:00:00,16,7.8,43,14.8,7.8
2013-01-07 17:00:00,17,8.3,40,18.4,8.3
2013-01-07 18:00:00,18,7.2,42,14.8,7.2
2013-01-07 19:00:00,19,8.3,39,9.4,8.3
2013-01-07 20:00:00,20,8.9,39,14.8,8.9
2013-01-07 21:00:00,21,8.3,39,7.6,8.3
2013-01-07 22:00:00,22,6.7,43,7.6,6.7
2013-01-07 23:00:00,23,6.1,45,9.4,6.1
2013-01-08 00:00:00,0,5.6,46,11.2,5.6
2013-01-08 01:00:00,1,5.0,48,0.0,5.0
2013-01-08 02:00:00,2,2.8,70,5.4,2.8
2013-01-08 03:00:00,3,2.2,70,5.4,2.2
2013-01-08 04:00:00,4,1.7,69,0.0,1.7
2013-01-08 05:00:00,5,1.1,79,0.0,1.1
2013-01-08 06:00:00,6,0.6,78,5.4,0.6
2013-01-08 07:00:00,7,1.1,72,0.0,1.1
2013-01-08 08:00:00,8,-0.6,82,5.4,-0.6
2013-01-08 09:00:00,9,-0.6,82,9.4,-0.6
2013-01-08 10:00:00,10,0.0,81,7.6,0.0
2013-01-08 11:00:00,11,0.0,81,11.2,0.0
2013-01-08 12:00:00,12,0.6,78,11.2,0.6
2013-01-08 13:00:00,13,1.7,75,13.0,1.7
2013-01-08 14:00:00,14,3.3,73,7.6,3.3
2013-01-08 15:00:00,15,5.6,64,14.8,5.6
2013-01-08 16:00:00,16,8.3,54,22.3,8.3
2013-01-08 17:00:00,17,8.9,54,16.6,8.9
2013-01-08 18:00:00,18,10.6,46,9.4,10.6
2013-01-08 19:00:00,19,10.0,52,16.6,10.0
2013-01-08 20:00:00,20,11.1,44,9.4,11.1
2013-01-08 21:00:00,21,11.1,46,11.2,11.1
2013-01-08 22:00:00,22,9.4,54,13.0,9.4
2013-01-08 23:00:00,23,8.3,58,9.4,8.3
2013-01-09 00:00:00,0,9.4,54,11.2,9.4
2013-01-09 01:00:00,1,6.1,70,11.2,6.1
2013-01-09 02:00:00,2,6.7,65,9.4,6.7
2013-01-09 03:00:00,3,5.0,76,7.6,5.0
2013-01-09 04:00:00,4,4.4,76,7.6,4.4
2013-01-09 05:00:00,5,3.3,86,5.4,3.3
2013-01-09 06:00:00,6,3.3,86,5.4,3.3
2013-01-09 07:00:00,7,2.2,89,7.6,2.2
2013-01-09 08:00:00,8,1.7,85,9.4,1.7
2013-01-09 09:00:00,9,2.8,82,5.4,2.8
2013-01-09 10:00:00,10,2.8,85,0.0,2.8
2013-01-09 11:00:00,11,2.2,85,0.0,2.2
2013-01-09 12:00:00,12,2.2,85,0.0,2.2
2013-01-09 13:00:00,13,2.2,89,7.6,2.2
2013-01-09 14:00:00,14,3.9,82,0.0,3.9
2013-01-09 15:00:00,15,5.6,76,9.4,5.6
2013-01-09 16:00:00,16,6.1,73,11.2,6.1
2013-01-09 17:00:00,17,7.2,74,11.2,7.2
2013-01-09 18:00:00,18,9.4,63,7.6,9.4
2013-01-09 19:00:00,19,9.4,63,0.0,9.4
2013-01-09 20:00:00,20,8.3,74,0.0,8.3
2013-01-09 21:00:00,21,8.9,71,5.4,8.9
2013-01-09 22:00:00,22,8.9,73,5.4,8.9
2013-01-09 23:00:00,23,7.2,80,5.4,7.2
2013-01-10 00:00:00,0,8.9,73,0.0,8.9
2013-01-10 01:00:00,1,7.8,76,7.6,7.8
2013-01-10 02:00:00,2,7.8,76,0.0,7.8
2013-01-10 03:00:00,3,7.8,76,0.0,7.8
2013-01-10 04:00:00,4,8.3,65,13.0,8.3
2013-01-10 05:00:00,5,12.2,37,0.0,12.2
2013-01-10 06:00:00,6,11.7,33,11.2,11.7
2013-01-10 07:00:00,7,11.1,38,11.2,11.1
2013-01-10 08:00:00,8,10.6,42,20.5,10.6
2013-01-10 09:00:00,9,10.0,42,13.0,10.0
2013-01-10 10:00:00,10,8.3,49,7.6,8.3
2013-01-10 11:00:00,11,6.7,49,14.8,6.7
2013-01-10 12:00:00,12,7.8,42,11.2,7.8
2013-01-10 13:00:00,13,7.8,43,22.3,7.8
2013-01-10 14:00:00,14,8.3,44,16.6,8.3
2013-01-10 15:00:00,15,9.4,41,20.5,9.4
2013-01-10 16:00:00,16,10.6,38,16.6,10.6
2013-01-10 17:00:00,17,11.7,35,14.8,11.7
2013-01-10 18:00:00,18,12.2,34,11.2,12.2
2013-01-10 19:00:00,19,12.8,32,16.6,12.8
2013-01-10 20:00:00,20,13.3,30,9.4,13.3
2013-01-10 21:00:00,21,12.2,31,5.4,12.2
2013-01-10 22:00:00,22,11.1,35,0.0,11.1
2013-01-10 23:00:00,23,9.4,46,11.2,9.4
2013-01-11 00:00:00,0,8.9,51,11.2,8.9
2013-01-11 01:00:00,1,8.3,49,0.0,8.3
2013-01-11 02:00:00,2,8.3,48,0.0,8.3
2013-01-11 03:00:00,3,7.8,49,0.0,7.8
2013-01-11 04:00:00,4,6.7,55,5.4,6.7
2013-01-11 05:00:00,5,6.7,53,0.0,6.7
2013-01-11 06:00:00,6,6.7,51,0.0,6.7
2013-01-11 07:00:00,7,6.1,55,0.0,6.1
2013-01-11 08:00:00,8,5.0,62,0.0,5.0
2013-01-11 09:00:00,9,4.4,70,0.0,4.4
2013-01-11 10:00:00,10,3.9,70,0.0,3.9
2013-01-11 11:00:00,11,3.9,76,0.0,3.9
2013-01-11 12:00:00,12,3.9,72,0.0,3.9
2013-01-11 13:00:00,13,4.4,76,5.4,4.4
2013-01-11 14:00:00,14,5.0,76,5.4,5.0
2013-01-11 15:00:00,15,6.1,68,0.0,6.1
2013-01-11 16:00:00,16,6.7,62,7.6,6.7
2013-01-11 17:00:00,17,7.2,63,9.4,7.2
2013-01-11 18:00:00,18,7.2,68,9.4,7.2
2013-01-11 19:00:00,19,7.8,73,7.6,7.8
2013-01-11 20:00:00,20,7.0,81,5.4,7.0
2013-01-11 21:00:00,21,6.7,89,0.0,6.7
2013-01-11 22:00:00,22,6.1,93,0.0,6.1
2013-01-11 23:00:00,23,6.1,97,5.4,6.1
2013-01-12 00:00:00,0,6.1,93,0.0,6.1
2013-01-12 01:00:00,1,6.1,93,5.4,6.1
2013-01-12 02:00:00,2,6.1,93,7.6,6.1
2013-01-12 03:00:00,3,6.1,93,5.4,6.1
2013-01-12 04:00:00,4,6.7,93,5.4,6.7
2013-01-12 05:00:00,5,7.2,90,9.4,7.2
2013-01-12 06:00:00,6,7.2,90,7.6,7.2
2013-01-12 07:00:00,7,6.7,93,5.4,6.7
2013-01-12 08:00:00,8,6.7,93,0.0,6.7
2013-01-12 09:00:00,9,6.1,93,0.0,6.1
2013-01-12 10:00:00,10,6.7,89,5.4,6.7
2013-01-12 11:00:00,11,6.1,93,7.6,6.1
2013-01-12 12:00:00,12,6.7,93,0.0,6.7
2013-01-12 13:00:00,13,6.7,89,5.4,6.7
2013-01-12 14:00:00,14,7.2,93,0.0,7.2
2013-01-12 15:00:00,15,7.8,89,0.0,7.8
2013-01-12 16:00:00,16,8.9,83,0.0,8.9
2013-01-12 17:00:00,17,8.9,83,0.0,8.9
2013-01-12 18:00:00,18,9.4,83,14.8,9.4
2013-01-12 19:00:00,19,10.0,80,9.4,10.0
2013-01-12 20:00:00,20,9.4,80,16.6,9.4
2013-01-12 21:00:00,21,9.4,83,14.8,9.4
2013-01-12 22:00:00,22,8.9,86,11.2,8.9
2013-01-12 23:00:00,23,8.0,93,7.6,8.0
2013-01-13 00:00:00,0,7.2,93,11.2,7.2
2013-01-13 01:00:00,1,7.8,93,7.6,7.8
2013-01-13 02:00:00,2,7.2,97,0.0,7.2
2013-01-13 03:00:00,3,7.2,97,7.6,7.2
2013-01-13 04:00:00,4,6.7,96,7.6,6.7
2013-01-13 05:00:00,5,7.0,93,7.6,7.0
2013-01-13 06:00:00,6,6.1,97,7.6,6.1
2013-01-13 07:00:00,7,6.1,97,7.6,6.1
2013-01-13 08:00:00,8,6.1,93,11.2,6.1
2013-01-13 09:00:00,9,6.1,97,0.0,6.1
2013-01-13 10:00:00,10,6.1,97,5.4,6.1
2013-01-13 11:00:00,11,6.7,96,0.0,6.7
2013-01-13 12:00:00,12,7.2,97,0.0,7.2
2013-01-13 13:00:00,13,7.8,93,7.6,7.8
2013-01-13 14:00:00,14,8.3,93,9.4,8.3
2013-01-13 15:00:00,15,9.4,93,11.2,9.4
2013-01-13 16:00:00,16,8.9,96,0.0,8.9
2013-01-13 17:00:00,17,10.6,96,5.4,10.6
2013-01-13 18:00:00,18,12.2,90,0.0,12.2
2013-01-13 19:00:00,19,11.7,96,0.0,11.7
2013-01-13 20:00:00,20,11.1,97,7.6,11.1
2013-01-13 21:00:00,21,12.2,93,5.4,12.2
2013-01-13 22:00:00,22,12.8,96,7.6,12.8
2013-01-13 23:00:00,23,11.1,97,0.0,11.1
2013-01-14 00:00:00,0,9.4,97,11.2,9.4
2013-01-14 01:00:00,1,10.6,96,5.4,10.6
2013-01-14 02:00:00,2,10.6,96,0.0,10.6
2013-01-14 03:00:00,3,10.6,96,5.4,10.6
2013-01-14 04:00:00,4,10.0,96,0.0,10.0
2013-01-14 05:00:00,5,10.6,92,0.0,10.6
2013-01-14 06:00:00,6,12.2,97,11.2,12.2
2013-01-14 07:00:00,7,12.2,97,14.8,12.2
2013-01-14 08:00:00,8,15.0,93,13.0,15.0
2013-01-14 09:00:00,9,13.3,97,13.0,13.3
2013-01-14 10:00:00,10,13.3,93,5.4,13.3
2013-01-14 11:00:00,11,13.9,93,14.8,13.9
2013-01-14 12:00:00,12,13.3,93,9.4,13.3
2013-01-14 13:00:00,13,14.4,93,0.0,14.4
2013-01-14 14:00:00,14,16.1,78,20.5,16.1
2013-01-14 15:00:00,15,15.0,69,20.5,15.0
2013-01-14 16:00:00,16,14.4,57,24.1,14.4
2013-01-14 17:00:00,17,13.9,57,24.1,13.9
2013-01-14 18:00:00,18,13.3,57,16.6,13.3
2013-01-14 19:00:00,19,12.8,59,16.6,12.8
2013-01-14 20:00:00,20,12.2,57,16.6,12.2
2013-01-14 21:00:00,21,11.7,59,22.3,11.7
2013-01-14 22:00:00,22,10.0,68,9.4,10.0
2013-01-14 23:00:00,23,11.1,63,11.2,11.1
2013-01-15 00:00:00,0,11.7,56,16.6,11.7
2013-01-15 01:00:00,1,11.1,54,9.4,11.1
2013-01-15 02:00:00,2,8.9,63,25.9,8.9
2013-01-15 03:00:00,3,7.2,65,20.5,7.2
2013-01-15 04:00:00,4,6.7,76,22.3,6.7
2013-01-15 05:00:00,5,5.6,79,22.3,5.6
2013-01-15 06:00:00,6,5.6,79,14.8,5.6
2013-01-15 07:00:00,7,5.0,86,0.0,5.0
2013-01-15 08:00:00,8,5.0,89,0.0,5.0
2013-01-15 09:00:00,9,5.6,85,11.2,5.6
2013-01-15 10:00:00,10,5.0,86,14.8,5.0
2013-01-15 11:00:00,11,5.6,79,9.4,5.6
2013-01-15 12:00:00,12,5.0,89,13.0,5.0
2013-01-15 13:00:00,13,5.0,89,16.6,5.0
2013-01-15 14:00:00,14,5.0,93,20.5,5.0
2013-01-15 15:00:00,15,5.6,85,20.5,5.6
2013-01-15 16:00:00,16,5.6,89,13.0,5.6
2013-01-15 17:00:00,17,5.6,85,13.0,5.6
2013-01-15 18:00:00,18,5.6,85,16.6,5.6
2013-01-15 19:00:00,19,5.6,82,14.8,5.6
2013-01-15 20:00:00,20,5.0,89,18.4,5.0
2013-01-15 21:00:00,21,4.4,83,9.4,4.4
2013-01-15 22:00:00,22,4.4,86,11.2,4.4
2013-01-15 23:00:00,23,4.4,86,7.6,4.4
2013-01-16 00:00:00,0,4.4,83,16.6,4.4
2013-01-16 01:00:00,1,4.4,83,16.6,4.4
2013-01-16 02:00:00,2,4.0,87,16.6,4.0
2013-01-16 03:00:00,3,3.9,86,18.4,3.9
2013-01-16 04:00:00,4,3.3,86,22.3,3.3
2013-01-16 05:00:00,5,2.8,89,18.4,2.8
2013-01-16 06:00:00,6,2.8,89,16.6,2.8
2013-01-16 07:00:00,7,2.8,89,16.6,2.8
2013-01-16 08:00:00,8,2.8,89,13.0,2.8
2013-01-16 09:00:00,9,2.8,89,9.4,2.8
2013-01-16 10:00:00,10,2.8,89,9.4,2.8
2013-01-16 11:00:00,11,2.8,85,0.0,2.8
2013-01-16 12:00:00,12,3.3,86,11.2,3.3
2013-01-16 13:00:00,13,3.3,86,5.4,3.3
2013-01-16 14:00:00,14,3.3,82,0.0,3.3
2013-01-16 15:00:00,15,3.9,86,9.4,3.9
2013-01-16 16:00:00,16,4.4,86,13.0,4.4
2013-01-16 17:00:00,17,4.4,86,14.8,4.4
2013-01-16 18:00:00,18,4.4,89,25.9,4.4
2013-01-16 19:00:00,19,5.0,86,9.4,5.0
2013-01-16 20:00:00,20,5.6,85,7.6,5.6
2013-01-16 21:00:00,21,6.0,81,5.4,6.0
2013-01-16 22:00:00,22,5.6,85,9.4,5.6
2013-01-16 23:00:00,23,6.1,86,7.6,6.1
2013-01-17 00:00:00,0,5.6,89,7.6,5.6
2013-01-17 01:00:00,1,6.1,86,11.2,6.1
2013-01-17 02:00:00,2,6.1,86,7.6,6.1
2013-01-17 03:00:00,3,6.1,89,9.4,6.1
2013-01-17 04:00:00,4,6.1,89,0.0,6.1
2013-01-17 05:00:00,5,6.1,89,0.0,6.1
2013-01-17 06:00:00,6,6.1,89,0.0,6.1
2013-01-17 07:00:00,7,6.1,89,7.6,6.1
2013-01-17 08:00:00,8,6.1,93,11.2,6.1
2013-01-17 09:00:00,9,6.1,93,5.4,6.1
2013-01-17 10:00:00,10,6.1,93,0.0,6.1
2013-01-17 11:00:00,11,6.1,93,9.4,6.1
2013-01-17 12:00:00,12,6.7,89,5.4,6.7
2013-01-17 13:00:00,13,7.2,58,11.2,7.2
2013-01-17 14:00:00,14,7.2,53,11.2,7.2
2013-01-17 15:00:00,15,7.2,51,11.2,7.2
2013-01-17 16:00:00,16,7.2,51,16.6,7.2
2013-01-17 17:00:00,17,6.7,55,20.5,6.7
2013-01-17 18:00:00,18,7.2,56,18.4,7.2
2013-01-17 19:00:00,19,6.7,55,16.6,6.7
2013-01-17 20:00:00,20,6.1,60,13.0,6.1
2013-01-17 21:00:00,21,6.1,60,14.8,6.1
2013-01-17 22:00:00,22,5.6,64,9.4,5.6
2013-01-17 23:00:00,23,5.0,70,0.0,5.0
2013-01-18 00:00:00,0,5.0,73,5.4,5.0
2013-01-18 01:00:00,1,5.0,62,13.0,5.0
2013-01-18 02:00:00,2,5.0,62,11.2,5.0
2013-01-18 03:00:00,3,5.0,65,18.4,5.0
2013-01-18 04:00:00,4,5.0,62,16.6,5.0
2013-01-18 05:00:00,5,4.4,62,14.8,4.4
2013-01-18 06:00:00,6,4.4,62,9.4,4.4
2013-01-18 07:00:00,7,4.4,60,13.0,4.4
2013-01-18 08:00:00,8,3.9,59,13.0,3.9
2013-01-18 09:00:00,9,3.3,57,20.5,3.3
2013-01-18 10:00:00,10,3.3,54,18.4,3.3
2013-01-18 11:00:00,11,3.3,50,22.3,3.3
2013-01-18 12:00:00,12,3.3,46,24.1,3.3
2013-01-18 13:00:00,13,2.2,50,25.9,2.2
2013-01-18 14:00:00,14,1.7,49,29.5,1.7
2013-01-18 15:00:00,15,2.2,44,31.3,2.2
2013-01-18 16:00:00,16,2.2,37,29.5,2.2
2013-01-18 17:00:00,17,2.2,35,29.5,2.2
2013-01-18 18:00:00,18,2.2,31,22.3,2.2
2013-01-18 19:00:00,19,2.8,28,25.9,2.8
2013-01-18 20:00:00,20,3.3,31,16.6,3.3
2013-01-18 21:00:00,21,3.3,30,14.8,3.3
2013-01-18 22:00:00,22,2.8,31,0.0,2.8
2013-01-18 23:00:00,23,1.7,36,9.4,1.7
2013-01-19 00:00:00,0,1.1,43,9.4,1.1
2013-01-19 01:00:00,1,1.1,40,9.4,1.1
2013-01-19 02:00:00,2,0.6,47,14.8,0.6
2013-01-19 03:00:00,3,0.0,51,13.0,0.0
2013-01-19 04:00:00,4,1.1,52,24.1,1.1
2013-01-19 05:00:00,5,1.1,59,18.4,1.1
2013-01-19 06:00:00,6,1.1,59,24.1,1.1
2013-01-19 07:00:00,7,1.1,61,20.5,1.1
2013-01-19 08:00:00,8,1.1,64,18.4,1.1
2013-01-19 09:00:00,9,1.1,64,18.4,1.1
2013-01-19 10:00:00,10,1.1,67,24.1,1.1
2013-01-19 11:00:00,11,1.1,64,24.1,1.1
2013-01-19 12:00:00,12,1.1,61,18.4,1.1
2013-01-19 13:00:00,13,1.7,61,16.6,1.7
2013-01-19 14:00:00,14,2.8,59,22.3,2.8
2013-01-19 15:00:00,15,4.4,55,14.8,4.4
2013-01-19 16:00:00,16,6.1,49,20.5,6.1
2013-01-19 17:00:00,17,8.3,48,20.5,8.3
2013-01-19 18:00:00,18,10.0,41,22.3,10.0
2013-01-19 19:00:00,19,11.7,35,24.1,11.7
2013-01-19 20:00:00,20,12.2,34,24.1,12.2
2013-01-19 21:00:00,21,12.2,34,25.9,12.2
2013-01-19 22:00:00,22,11.1,36,24.1,11.1
2013-01-19 23:00:00,23,8.9,50,18.4,8.9
2013-01-20 00:00:00,0,8.3,46,22.3,8.3
2013-01-20 01:00:00,1,8.3,42,25.9,8.3
2013-01-20 02:00:00,2,7.2,47,18.4,7.2
2013-01-20 03:00:00,3,7.2,47,25.9,7.2
2013-01-20 04:00:00,4,6.7,51,20.5,6.7
2013-01-20 05:00:00,5,7.2,49,24.1,7.2
2013-01-20 06:00:00,6,7.2,49,18.4,7.2
2013-01-20 07:00:00,7,7.2,49,22.3,7.2
2013-01-20 08:00:00,8,6.7,51,16.6,6.7
2013-01-20 09:00:00,9,5.6,55,13.0,5.6
2013-01-20 10:00:00,10,5.6,55,13.0,5.6
2013-01-20 11:00:00,11,5.0,57,14.8,5.0
2013-01-20 12:00:00,12,4.4,60,14.8,4.4
2013-01-20 13:00:00,13,5.0,60,16.6,5.0
2013-01-20 14:00:00,14,7.2,51,16.6,7.2
2013-01-20 15:00:00,15,9.4,44,22.3,9.4
2013-01-20 16:00:00,16,11.7,39,22.3,11.7
2013-01-20 17:00:00,17,13.9,36,20.5,13.9
2013-01-20 18:00:00,18,15.6,29,14.8,15.6
2013-01-20 19:00:00,19,16.1,22,29.5,16.1
2013-01-20 20:00:00,20,15.6,20,29.5,15.6
2013-01-20 21:00:00,21,14.4,19,29.5,14.4
2013-01-20 22:00:00,22,11.7,18,24.1,11.7
2013-01-20 23:00:00,23,10.0,20,29.5,10.0
2013-01-21 00:00:00,0,8.9,18,20.5,8.9
2013-01-21 01:00:00,1,7.8,17,13.0,7.8
2013-01-21 02:00:00,2,6.1,23,24.1,6.1
2013-01-21 03:00:00,3,4.4,31,16.6,4.4
2013-01-21 04:00:00,4,3.9,33,11.2,3.9
2013-01-21 05:00:00,5,3.9,36,13.0,3.9
2013-01-21 06:00:00,6,3.3,37,20.5,3.3
2013-01-21 07:00:00,7,2.8,37,16.6,2.8
2013-01-21 08:00:00,8,2.2,40,18.4,2.2
2013-01-21 09:00:00,9,1.7,45,13.0,1.7
2013-01-21 10:00:00,10,1.7,44,14.8,1.7
2013-01-21 11:00:00,11,0.6,47,11.2,0.6
2013-01-21 12:00:00,12,0.6,49,9.4,0.6
2013-01-21 13:00:00,13,1.0,51,9.4,1.0
2013-01-21 14:00:00,14,1.7,49,11.2,1.7
2013-01-21 15:00:00,15,3.3,46,11.2,3.3
2013-01-21 16:00:00,16,3.3,46,9.4,3.3
2013-01-21 17:00:00,17,4.4,46,16.6,4.4
2013-01-21 18:00:00,18,5.6,41,11.2,5.6
2013-01-21 19:00:00,19,6.7,43,16.6,6.7
2013-01-21 20:00:00,20,7.8,43,14.8,7.8
2013-01-21 21:00:00,21,7.8,47,13.0,7.8
2013-01-21 22:00:00,22,7.2,49,9.4,7.2
2013-01-21 23:00:00,23,8.3,42,7.6,8.3
2013-01-22 00:00:00,0,5.0,46,24.1,5.0
2013-01-22 01:00:00,1,3.9,36,29.5,3.9
2013-01-22 02:00:00,2,1.7,44,22.3,1.7
2013-01-22 03:00:00,3,1.1,43,13.0,1.1
2013-01-22 04:00:00,4,0.6,39,27.7,0.6
2013-01-22 05:00:00,5,0.0,38,37.1,0.0
2013-01-22 06:00:00,6,-1.1,39,38.9,-1.1
2013-01-22 07:00:00,7,-2.2,39,33.5,-2.2
2013-01-22 08:00:00,8,-3.3,35,25.9,-3.3
2013-01-22 09:00:00,9,-4.4,33,38.9,-4.4
2013-01-22 10:00:00,10,-5.0,27,24.1,-5.0
2013-01-22 11:00:00,11,-6.1,32,22.3,-6.1
2013-01-22 12:00:00,12,-6.1,31,31.3,-6.1
2013-01-22 13:00:00,13,-6.7,36,20.5,-6.7
2013-01-22 14:00:00,14,-6.7,34,25.9,-6.7
2013-01-22 15:00:00,15,-5.6,30,33.5,-5.6
2013-01-22 16:00:00,16,-5.6,30,25.9,-5.6
2013-01-22 17:00:00,17,-4.4,26,29.5,-4.4
2013-01-22 18:00:00,18,-4.4,25,25.9,-4.4
2013-01-22 19:00:00,19,-3.9,24,24.1,-3.9
2013-01-22 20:00:00,20,-3.9,23,20.5,-3.9
2013-01-22 21:00:00,21,-3.9,23,24.1,-3.9
2013-01-22 22:00:00,22,-4.4,25,18.4,-4.4
2013-01-22 23:00:00,23,-5.0,26,14.8,-5.0
2013-01-23 00:00:00,0,-6.1,30,20.5,-6.1
2013-01-23 01:00:00,1,-6.1,31,22.3,-6.1
2013-01-23 02:00:00,2,-6.7,34,18.4,-6.7
2013-01-23 03:00:00,3,-6.7,36,24.1,-6.7
2013-01-23 04:00:00,4,-6.7,36,20.5,-6.7
2013-01-23 05:00:00,5,-7.2,35,16.6,-7.2
2013-01-23 06:00:00,6,-7.8,43,16.6,-7.8
2013-01-23 07:00:00,7,-8.3,46,14.8,-8.3
2013-01-23 08:00:00,8,-7.8,45,14.8,-7.8
2013-01-23 09:00:00,9,-8.9,46,9.4,-8.9
2013-01-23 10:00:00,10,-8.9,48,9.4,-8.9
2013-01-23 11:00:00,11,-8.9,48,13.0,-8.9
2013-01-23 12:00:00,12,-8.9,51,9.4,-8.9
2013-01-23 13:00:00,13,-8.0,44,14.8,-8.0
2013-01-23 14:00:00,14,-6.7,41,13.0,-6.7
2013-01-23 15:00:00,15,-6.1,38,16.6,-6.1
2013-01-23 16:00:00,16,-5.0,33,11.2,-5.0
2013-01-23 17:00:00,17,-3.9,29,24.1,-3.9
2013-01-23 18:00:00,18,-4.4,30,14.8,-4.4
2013-01-23 19:00:00,19,-2.8,27,24.1,-2.8
2013-01-23 20:00:00,20,-2.8,27,18.4,-2.8
2013-01-23 21:00:00,21,-2.8,27,13.0,-2.8
2013-01-23 22:00:00,22,-2.8,25,14.8,-2.8
2013-01-23 23:00:00,23,-2.8,25,9.4,-2.8
2013-01-24 00:00:00,0,-2.8,28,9.4,-2.8
2013-01-24 01:00:00,1,-3.3,30,9.4,-3.3
2013-01-24 02:00:00,2,-3.3,30,9.4,-3.3
2013-01-24 03:00:00,3,-3.3,32,9.4,-3.3
2013-01-24 04:00:00,4,-3.9,46,7.6,-3.9
2013-01-24 05:00:00,5,-5.0,62,9.4,-5.0
2013-01-24 06:00:00,6,-5.6,75,7.6,-5.6
2013-01-24 07:00:00,7,-6.1,81,9.4,-6.1
2013-01-24 08:00:00,8,-6.1,81,14.8,-6.1
2013-01-24 09:00:00,9,-6.1,78,14.8,-6.1
2013-01-24 10:00:00,10,-6.7,81,16.6,-6.7
2013-01-24 11:00:00,11,-6.7,77,20.5,-6.7
2013-01-24 12:00:00,12,-6.7,77,29.5,-6.7
2013-01-24 13:00:00,13,-7.2,74,22.3,-7.2
2013-01-24 14:00:00,14,-6.7,71,16.6,-6.7
2013-01-24 15:00:00,15,-6.7,68,16.6,-6.7
2013-01-24 16:00:00,16,-4.4,60,22.3,-4.4
2013-01-24 17:00:00,17,-3.3,48,27.7,-3.3
2013-01-24 18:00:00,18,-2.8,46,29.5,-2.8
2013-01-24 19:00:00,19,-2.2,40,27.7,-2.2
2013-01-24 20:00:00,20,-1.7,31,33.5,-1.7
2013-01-24 21:00:00,21,-2.2,29,38.9,-2.2
2013-01-24 22:00:00,22,-2.8,29,22.3,-2.8
2013-01-24 23:00:00,23,-3.3,32,20.5,-3.3
2013-01-25 00:00:00,0,-3.9,33,16.6,-3.9
2013-01-25 01:00:00,1,-3.9,35,14.8,-3.9
2013-01-25 02:00:00,2,-4.4,38,14.8,-4.4
2013-01-25 03:00:00,3,-5.0,39,7.6,-5.0
2013-01-25 04:00:00,4,-5.0,38,9.4,-5.0
2013-01-25 05:00:00,5,-5.6,38,9.4,-5.6
2013-01-25 06:00:00,6,-5.6,36,14.8,-5.6
2013-01-25 07:00:00,7,-6.1,36,11.2,-6.1
2013-01-25 08:00:00,8,-6.7,39,11.2,-6.7
2013-01-25 09:00:00,9,-6.7,41,14.8,-6.7
2013-01-25 10:00:00,10,-6.7,39,16.6,-6.7
2013-01-25 11:00:00,11,-6.7,39,14.8,-6.7
2013-01-25 12:00:00,12,-6.7,41,5.4,-6.7
2013-01-25 13:00:00,13,-6.7,39,5.4,-6.7
2013-01-25 14:00:00,14,-5.6,36,0.0,-5.6
2013-01-25 15:00:00,15,-5.0,34,5.4,-5.0
2013-01-25 16:00:00,16,-4.4,33,9.4,-4.4
2013-01-25 17:00:00,17,-4.4,36,13.0,-4.4
2013-01-25 18:00:00,18,-3.9,33,11.2,-3.9
2013-01-25 19:00:00,19,-3.9,36,14.8,-3.9
2013-01-25 20:00:00,20,-5.0,63,20.5,-5.0
2013-01-25 21:00:00,21,-5.0,65,18.4,-5.0
2013-01-25 22:00:00,22,-6.0,73,16.6,-6.0
2013-01-25 23:00:00,23,-6.0,79,14.8,-6.0
2013-01-26 00:00:00,0,-5.6,78,11.2,-5.6
2013-01-26 01:00:00,1,-5.6,78,9.4,-5.6
2013-01-26 02:00:00,2,-5.0,74,9.4,-5.0
2013-01-26 03:00:00,3,-4.4,71,11.2,-4.4
2013-01-26 04:00:00,4,-4.4,71,5.4,-4.4
2013-01-26 05:00:00,5,-4.4,74,9.4,-4.4
2013-01-26 06:00:00,6,-3.9,72,7.6,-3.9
2013-01-26 07:00:00,7,-3.9,72,0.0,-3.9
2013-01-26 08:00:00,8,-3.9,72,5.4,-3.9
2013-01-26 09:00:00,9,-3.9,74,7.6,-3.9
2013-01-26 10:00:00,10,-3.3,71,0.0,-3.3
2013-01-26 11:00:00,11,-3.3,71,9.4,-3.3
2013-01-26 12:00:00,12,-2.8,68,7.6,-2.8
2013-01-26 13:00:00,13,-2.8,66,7.6,-2.8
2013-01-26 14:00:00,14,-2.2,63,5.4,-2.2
2013-01-26 15:00:00,15,-1.7,66,5.4,-1.7
2013-01-26 16:00:00,16,0.0,58,5.4,0.0
2013-01-26 17:00:00,17,0.6,56,9.4,0.6
2013-01-26 18:00:00,18,1.1,54,14.8,1.1
2013-01-26 19:00:00,19,1.7,49,16.6,1.7
2013-01-26 20:00:00,20,1.7,52,16.6,1.7
2013-01-26 21:00:00,21,1.1,54,13.0,1.1
2013-01-26 22:00:00,22,1.1,54,13.0,1.1
2013-01-26 23:00:00,23,0.6,58,14.8,0.6
2013-01-27 00:00:00,0,0.0,61,9.4,0.0
2013-01-27 01:00:00,1,0.0,64,14.8,0.0
2013-01-27 02:00:00,2,-0.6,66,11.2,-0.6
2013-01-27 03:00:00,3,0.0,64,7.6,0.0
2013-01-27 04:00:00,4,-1.1,66,11.2,-1.1
2013-01-27 05:00:00,5,-1.7,69,7.6,-1.7
2013-01-27 06:00:00,6,-2.2,71,9.4,-2.2
2013-01-27 07:00:00,7,-1.7,69,13.0,-1.7
2013-01-27 08:00:00,8,-1.7,63,16.6,-1.7
2013-01-27 09:00:00,9,-2.2,66,11.2,-2.2
2013-01-27 10:00:00,10,-1.7,61,11.2,-1.7
2013-01-27 11:00:00,11,-2.2,63,13.0,-2.2
2013-01-27 12:00:00,12,-1.7,58,14.8,-1.7
2013-01-27 13:00:00,13,-2.2,58,13.0,-2.2
2013-01-27 14:00:00,14,-1.1,55,14.8,-1.1
2013-01-27 15:00:00,15,0.6,51,5.4,0.6
2013-01-27 16:00:00,16,0.6,51,5.4,0.6
2013-01-27 17:00:00,17,1.1,47,5.4,1.1
2013-01-27 18:00:00,18,1.7,47,9.4,1.7
2013-01-27 19:00:00,19,2.8,44,11.2,2.8
2013-01-27 20:00:00,20,3.3,44,14.8,3.3
2013-01-27 21:00:00,21,3.3,46,11.2,3.3
2013-01-27 22:00:00,22,2.2,50,11.2,2.2
2013-01-27 23:00:00,23,1.1,56,11.2,1.1
2013-01-28 00:00:00,0,0.6,61,9.4,0.6
2013-01-28 01:00:00,1,0.6,66,5.4,0.6
2013-01-28 02:00:00,2,0.6,61,0.0,0.6
2013-01-28 03:00:00,3,-0.6,69,11.2,-0.6
2013-01-28 04:00:00,4,0.0,61,13.0,0.0
2013-01-28 05:00:00,5,0.6,61,13.0,0.6
2013-01-28 06:00:00,6,0.6,66,11.2,0.6
2013-01-28 07:00:00,7,1.1,64,13.0,1.1
2013-01-28 08:00:00,8,1.1,67,14.8,1.1
2013-01-28 09:00:00,9,1.1,69,11.2,1.1
2013-01-28 10:00:00,10,1.1,69,14.8,1.1
2013-01-28 11:00:00,11,1.0,75,16.6,1.0
2013-01-28 12:00:00,12,1.1,79,20.5,1.1
2013-01-28 13:00:00,13,1.1,85,20.5,1.1
2013-01-28 14:00:00,14,1.1,85,16.6,1.1
2013-01-28 15:00:00,15,1.7,85,24.1,1.7
2013-01-28 16:00:00,16,1.7,88,20.5,1.7
2013-01-28 17:00:00,17,2.2,89,18.4,2.2
2013-01-28 18:00:00,18,3.3,86,14.8,3.3
2013-01-28 19:00:00,19,4.4,83,16.6,4.4
2013-01-28 20:00:00,20,5.6,82,22.3,5.6
2013-01-28 21:00:00,21,6.7,76,13.0,6.7
2013-01-28 22:00:00,22,6.7,76,11.2,6.7
2013-01-28 23:00:00,23,5.6,82,7.6,5.6
2013-01-29 00:00:00,0,6.1,82,11.2,6.1
2013-01-29 01:00:00,1,6.7,79,5.4,6.7
2013-01-29 02:00:00,2,5.0,82,14.8,5.0
2013-01-29 03:00:00,3,6.7,79,13.0,6.7
2013-01-29 04:00:00,4,6.7,79,11.2,6.7
2013-01-29 05:00:00,5,7.2,80,14.8,7.2
2013-01-29 06:00:00,6,6.7,82,13.0,6.7
2013-01-29 07:00:00,7,5.6,89,11.2,5.6
2013-01-29 08:00:00,8,5.6,89,13.0,5.6
2013-01-29 09:00:00,9,6.1,89,9.4,6.1
2013-01-29 10:00:00,10,6.7,85,0.0,6.7
2013-01-29 11:00:00,11,5.6,89,7.6,5.6
2013-01-29 12:00:00,12,6.7,89,9.4,6.7
2013-01-29 13:00:00,13,6.7,89,9.4,6.7
2013-01-29 14:00:00,14,8.3,83,9.4,8.3
2013-01-29 15:00:00,15,10.0,77,9.4,10.0
2013-01-29 16:00:00,16,12.2,69,9.4,12.2
2013-01-29 17:00:00,17,14.4,64,11.2,14.4
2013-01-29 18:00:00,18,17.8,56,11.2,17.8
2013-01-29 19:00:00,19,20.6,49,11.2,20.6
2013-01-29 20:00:00,20,20.6,51,14.8,20.6
2013-01-29 21:00:00,21,18.9,54,13.0,18.9
2013-01-29 22:00:00,22,15.0,64,18.4,15.0
2013-01-29 23:00:00,23,15.0,67,16.6,15.0
2013-01-30 00:00:00,0,13.9,69,13.0,13.9
2013-01-30 01:00:00,1,13.9,72,7.6,13.9
2013-01-30 02:00:00,2,11.7,80,9.4,11.7
2013-01-30 03:00:00,3,11.7,80,16.6,11.7
2013-01-30 04:00:00,4,11.7,80,11.2,11.7
2013-01-30 05:00:00,5,11.1,83,22.3,11.1
2013-01-30 06:00:00,6,11.7,83,20.5,11.7
2013-01-30 07:00:00,7,13.3,80,20.5,13.3
2013-01-30 08:00:00,8,13.3,77,18.4,13.3
2013-01-30 09:00:00,9,12.2,83,20.5,12.2
2013-01-30 10:00:00,10,11.7,86,18.4,11.7
2013-01-30 11:00:00,11,12.8,86,14.8,12.8
2013-01-30 12:00:00,12,14.4,84,20.5,14.4
2013-01-30 13:00:00,13,12.8,86,24.1,12.8
2013-01-30 14:00:00,14,13.9,87,25.9,13.9
2013-01-30 15:00:00,15,15.0,83,24.1,15.0
2013-01-30 16:00:00,16,16.7,78,29.5,16.7
2013-01-30 17:00:00,17,17.2,75,31.7,17.2
2013-01-30 18:00:00,18,17.2,78,35.3,17.2
2013-01-30 19:00:00,19,17.2,75,27.7,17.2
2013-01-30 20:00:00,20,19.4,68,27.7,19.4
2013-01-30 21:00:00,21,21.1,68,22.3,21.1
2013-01-30 22:00:00,22,18.3,73,22.3,18.3
2013-01-30 23:00:00,23,16.1,81,27.7,16.1
2013-01-31 00:00:00,0,17.8,75,24.1,17.8
2013-01-31 01:00:00,1,19.4,73,22.3,19.4
2013-01-31 02:00:00,2,12.2,93,13.0,12.2
2013-01-31 03:00:00,3,13.3,97,0.0,13.3
2013-01-31 04:00:00,4,13.3,97,9.4,13.3
2013-01-31 05:00:00,5,16.1,87,29.5,16.1
2013-01-31 06:00:00,6,16.0,88,35.3,16.0
2013-01-31 07:00:00,7,17.2,81,31.7,17.2
2013-01-31 08:00:00,8,15.6,69,25.9,15.6
2013-01-31 09:00:00,9,15.6,67,31.3,15.6
2013-01-31 10:00:00,10,11.7,56,27.7,11.7
2013-01-31 11:00:00,11,10.0,52,24.1,10.0
2013-01-31 12:00:00,12,8.9,50,24.1,8.9
2013-01-31 13:00:00,13,6.7,53,33.5,6.7
2013-01-31 14:00:00,14,6.7,45,29.5,6.7
2013-01-31 15:00:00,15,7.2,40,37.1,7.2
2013-01-31 16:00:00,16,7.8,35,29.5,7.8
2013-01-31 17:00:00,17,8.9,31,24.1,8.9
2013-01-31 18:00:00,18,8.3,30,38.9,8.3
2013-01-31 19:00:00,19,7.8,31,31.7,7.8
2013-01-31 20:00:00,20,7.2,34,29.5,7.2
2013-01-31 21:00:00,21,5.6,33,40.7,5.6
2013-01-31 22:00:00,22,4.4,36,22.3,4.4
2013-01-31 23:00:00,23,3.9,34,25.9,3.9
2013-02-01 00:00:00,0,3.3,39,35.3,3.3
2013-02-01 01:00:00,1,2.2,35,27.7,2.2
2013-02-01 02:00:00,2,1.1,36,20.5,1.1
2013-02-01 03:00:00,3,0.6,39,16.6,0.6
2013-02-01 04:00:00,4,1.1,38,9.4,1.1
2013-02-01 05:00:00,5,0.6,41,9.4,0.6
2013-02-01 06:00:00,6,0.0,45,0.0,0.0
2013-02-01 07:00:00,7,0.6,53,9.4,0.6
2013-02-01 08:00:00,8,1.1,47,13.0,1.1
2013-02-01 09:00:00,9,1.1,50,11.2,1.1
2013-02-01 10:00:00,10,2.2,52,13.0,2.2
2013-02-01 11:00:00,11,0.6,78,13.0,0.6
2013-02-01 12:00:00,12,-1.1,78,24.1,-1.1
2013-02-01 13:00:00,13,-1.1,69,14.8,-1.1
2013-02-01 14:00:00,14,-1.0,59,38.9,-1.0
2013-02-01 15:00:00,15,-1.1,43,35.3,-1.1
2013-02-01 16:00:00,16,-1.1,32,37.1,-1.1
2013-02-01 17:00:00,17,-1.1,34,29.5,-1.1
2013-02-01 18:00:00,18,-2.2,34,20.5,-2.2
2013-02-01 19:00:00,19,-1.1,31,33.5,-1.1
2013-02-01 20:00:00,20,-1.1,30,31.7,-1.1
2013-02-01 21:00:00,21,-1.7,30,33.5,-1.7
2013-02-01 22:00:00,22,-2.2,32,29.5,-2.2
2013-02-01 23:00:00,23,-3.3,33,25.9,-3.3
2013-02-02 00:00:00,0,-3.9,35,18.4,-3.9
2013-02-02 01:00:00,1,-4.4,36,24.1,-4.4
2013-02-02 02:00:00,2,-5.0,38,18.4,-5.0
2013-02-02 03:00:00,3,-5.0,39,18.4,-5.0
2013-02-02 04:00:00,4,-5.6,40,16.6,-5.6
2013-02-02 05:00:00,5,-6.1,43,14.8,-6.1
2013-02-02 06:00:00,6,-6.1,41,18.4,-6.1
2013-02-02 07:00:00,7,-6.7,45,11.2,-6.7
2013-02-02 08:00:00,8,-6.7,45,7.6,-6.7
2013-02-02 09:00:00,9,-7.2,47,11.2,-7.2
2013-02-02 10:00:00,10,-7.2,49,7.6,-7.2
2013-02-02 11:00:00,11,-7.2,51,0.0,-7.2
2013-02-02 12:00:00,12,-7.2,54,0.0,-7.2
2013-02-02 13:00:00,13,-6.7,49,7.6,-6.7
2013-02-02 14:00:00,14,-5.0,43,5.4,-5.0
2013-02-02 15:00:00,15,-3.3,44,14.8,-3.3
2013-02-02 16:00:00,16,-2.2,40,16.6,-2.2
2013-02-02 17:00:00,17,-1.1,36,14.8,-1.1
2013-02-02 18:00:00,18,-1.7,42,22.3,-1.7
2013-02-02 19:00:00,19,-2.2,50,0.0,-2.2
2013-02-02 20:00:00,20,-0.6,43,9.4,-0.6
2013-02-02 21:00:00,21,0.0,39,9.4,0.0
2013-02-02 22:00:00,22,0.0,47,18.4,0.0
2013-02-02 23:00:00,23,-1.7,78,16.6,-1.7
2013-02-03 00:00:00,0,-1.7,82,13.0,-1.7
2013-02-03 01:00:00,1,-1.1,81,16.6,-1.1
2013-02-03 02:00:00,2,-1.1,85,14.8,-1.1
2013-02-03 03:00:00,3,-1.1,85,14.8,-1.1
2013-02-03 04:00:00,4,-1.1,85,9.4,-1.1
2013-02-03 05:00:00,5,-0.6,82,0.0,-0.6
2013-02-03 06:00:00,6,-0.6,78,0.0,-0.6
2013-02-03 07:00:00,7,-1.1,81,5.4,-1.1
2013-02-03 08:00:00,8,-1.1,81,0.0,-1.1
2013-02-03 09:00:00,9,-1.7,85,0.0,-1.7
2013-02-03 10:00:00,10,-2.2,85,5.4,-2.2
2013-02-03 11:00:00,11,-1.7,85,11.2,-1.7
2013-02-03 12:00:00,12,-2.8,89,7.6,-2.8
2013-02-03 13:00:00,13,-2.2,85,0.0,-2.2
2013-02-03 14:00:00,14,-1.7,85,0.0,-1.7
2013-02-03 15:00:00,15,-0.6,82,0.0,-0.6
2013-02-03 16:00:00,16,0.6,75,5.4,0.6
2013-02-03 17:00:00,17,1.1,69,0.0,1.1
2013-02-03 18:00:00,18,1.1,69,7.6,1.1
2013-02-03 19:00:00,19,1.1,79,13.0,1.1
2013-02-03 20:00:00,20,1.1,75,11.2,1.1
2013-02-03 21:00:00,21,1.1,72,11.2,1.1
2013-02-03 22:00:00,22,1.1,72,9.4,1.1
2013-02-03 23:00:00,23,1.1,72,11.2,1.1
2013-02-04 00:00:00,0,0.0,75,7.6,0.0
2013-02-04 01:00:00,1,0.6,75,9.4,0.6
2013-02-04 02:00:00,2,1.1,75,13.0,1.1
2013-02-04 03:00:00,3,1.7,61,14.8,1.7
2013-02-04 04:00:00,4,1.1,52,20.5,1.1
2013-02-04 05:00:00,5,0.6,45,20.5,0.6
2013-02-04 06:00:00,6,-0.6,49,24.1,-0.6
2013-02-04 07:00:00,7,-1.1,44,18.4,-1.1
2013-02-04 08:00:00,8,-1.7,45,7.6,-1.7
2013-02-04 09:00:00,9,-2.2,42,18.6,-2.2
2013-02-04 10:00:00,10,-2.2,44,11.2,-2.2
2013-02-04 11:00:00,11,-3.3,50,9.4,-3.3
2013-02-04 12:00:00,12,-2.8,48,11.2,-2.8
2013-02-04 13:00:00,13,-2.2,46,5.4,-2.2
2013-02-04 14:00:00,14,-1.1,43,7.6,-1.1
2013-02-04 15:00:00,15,-0.6,43,14.8,-0.6
2013-02-04 16:00:00,16,0.6,39,5.4,0.6
2013-02-04 17:00:00,17,1.1,38,14.8,1.1
2013-02-04 18:00:00,18,1.1,41,14.8,1.1
2013-02-04 19:00:00,19,1.1,41,18.4,1.1
2013-02-04 20:00:00,20,1.7,44,14.8,1.7
2013-02-04 21:00:00,21,2.2,44,16.6,2.2
2013-02-04 22:00:00,22,2.2,42,11.2,2.2
2013-02-04 23:00:00,23,1.7,47,9.4,1.7
2013-02-05 00:00:00,0,1.7,49,7.6,1.7
2013-02-05 01:00:00,1,2.2,52,11.2,2.2
2013-02-05 02:00:00,2,2.2,52,13.0,2.2
2013-02-05 03:00:00,3,2.8,54,7.6,2.8
2013-02-05 04:00:00,4,2.8,50,0.0,2.8
2013-02-05 05:00:00,5,2.8,59,7.6,2.8
2013-02-05 06:00:00,6,2.8,59,7.6,2.8
2013-02-05 07:00:00,7,2.8,56,7.6,2.8
2013-02-05 08:00:00,8,2.2,62,9.4,2.2
2013-02-05 09:00:00,9,2.8,59,0.0,2.8
2013-02-05 10:00:00,10,1.7,69,0.0,1.7
2013-02-05 11:00:00,11,1.7,66,7.6,1.7
2013-02-05 12:00:00,12,1.1,64,11.2,1.1
2013-02-05 13:00:00,13,1.7,64,7.6,1.7
2013-02-05 14:00:00,14,2.2,62,0.0,2.2
2013-02-05 15:00:00,15,3.3,59,9.4,3.3
2013-02-05 16:00:00,16,3.3,64,9.4,3.3
2013-02-05 17:00:00,17,3.9,62,11.2,3.9
2013-02-05 18:00:00,18,5.0,55,9.4,5.0
2013-02-05 19:00:00,19,5.6,53,9.4,5.6
2013-02-05 20:00:00,20,5.6,55,9.4,5.6
2013-02-05 21:00:00,21,5.6,57,9.4,5.6
2013-02-05 22:00:00,22,4.4,60,11.2,4.4
2013-02-05 23:00:00,23,3.9,62,9.4,3.9
2013-02-06 00:00:00,0,3.3,62,7.6,3.3
2013-02-06 01:00:00,1,3.3,62,9.4,3.3
2013-02-06 02:00:00,2,2.8,64,9.4,2.8
2013-02-06 03:00:00,3,2.8,67,0.0,2.8
2013-02-06 04:00:00,4,2.8,67,5.4,2.8
2013-02-06 05:00:00,5,2.8,67,5.4,2.8
2013-02-06 06:00:00,6,2.8,70,0.0,2.8
2013-02-06 07:00:00,7,2.8,70,0.0,2.8
2013-02-06 08:00:00,8,2.8,76,0.0,2.8
2013-02-06 09:00:00,9,2.2,75,0.0,2.2
2013-02-06 10:00:00,10,1.7,78,5.4,1.7
2013-02-06 11:00:00,11,2.8,70,9.4,2.8
2013-02-06 12:00:00,12,1.7,72,5.4,1.7
2013-02-06 13:00:00,13,2.8,70,0.0,2.8
2013-02-06 14:00:00,14,5.0,65,14.8,5.0
2013-02-06 15:00:00,15,6.7,51,18.4,6.7
2013-02-06 16:00:00,16,7.8,45,25.9,7.8
2013-02-06 17:00:00,17,7.8,45,29.5,7.8
2013-02-06 18:00:00,18,8.3,40,31.3,8.3
2013-02-06 19:00:00,19,8.9,39,29.5,8.9
2013-02-06 20:00:00,20,8.9,37,22.3,8.9
2013-02-06 21:00:00,21,8.3,40,14.8,8.3
2013-02-06 22:00:00,22,7.2,44,22.3,7.2
2013-02-06 23:00:00,23,5.6,46,14.8,5.6
2013-02-07 00:00:00,0,4.4,50,20.5,4.4
2013-02-07 01:00:00,1,3.3,54,9.4,3.3
2013-02-07 02:00:00,2,2.2,56,9.4,2.2
2013-02-07 03:00:00,3,2.2,56,14.8,2.2
2013-02-07 04:00:00,4,1.7,58,9.4,1.7
2013-02-07 05:00:00,5,1.7,56,5.4,1.7
2013-02-07 06:00:00,6,1.1,56,0.0,1.1
2013-02-07 07:00:00,7,0.6,72,0.0,0.6
2013-02-07 08:00:00,8,1.1,61,0.0,1.1
2013-02-07 09:00:00,9,0.0,69,0.0,0.0
2013-02-07 10:00:00,10,0.0,69,0.0,0.0
2013-02-07 11:00:00,11,0.6,63,0.0,0.6
2013-02-07 12:00:00,12,0.6,66,5.4,0.6
2013-02-07 13:00:00,13,0.6,66,11.2,0.6
2013-02-07 14:00:00,14,1.1,61,11.2,1.1
2013-02-07 15:00:00,15,2.2,56,7.6,2.2
2013-02-07 16:00:00,16,2.8,56,5.4,2.8
2013-02-07 17:00:00,17,3.3,54,7.6,3.3
2013-02-07 18:00:00,18,4.4,53,11.2,4.4
2013-02-07 19:00:00,19,4.4,55,13.0,4.4
2013-02-07 20:00:00,20,5.0,51,13.0,5.0
2013-02-07 21:00:00,21,5.0,53,13.0,5.0
2013-02-07 22:00:00,22,5.0,51,13.0,5.0
2013-02-07 23:00:00,23,4.4,57,9.4,4.4
2013-02-08 00:00:00,0,4.4,57,7.6,4.4
2013-02-08 01:00:00,1,3.9,59,9.4,3.9
2013-02-08 02:00:00,2,3.3,64,14.8,3.3
2013-02-08 03:00:00,3,3.3,70,18.4,3.3
2013-02-08 04:00:00,4,3.3,70,24.1,3.3
2013-02-08 05:00:00,5,2.8,70,20.5,2.8
2013-02-08 06:00:00,6,2.2,67,14.8,2.2
2013-02-08 07:00:00,7,1.7,72,16.6,1.7
2013-02-08 08:00:00,8,1.1,79,9.4,1.1
2013-02-08 09:00:00,9,1.1,82,9.4,1.1
2013-02-08 10:00:00,10,1.1,85,13.0,1.1
2013-02-08 11:00:00,11,1.7,88,14.8,1.7
2013-02-08 12:00:00,12,2.2,85,16.6,2.2
2013-02-08 13:00:00,13,2.8,89,22.3,2.8
2013-02-08 14:00:00,14,3.3,89,22.3,3.3
2013-02-08 15:00:00,15,4.4,86,16.6,4.4
2013-02-08 16:00:00,16,4.4,86,18.4,4.4
2013-02-08 17:00:00,17,5.0,89,18.4,5.0
2013-02-08 18:00:00,18,5.0,86,22.3,5.0
2013-02-08 19:00:00,19,6.1,82,20.5,6.1
2013-02-08 20:00:00,20,6.1,79,25.9,6.1
2013-02-08 21:00:00,21,5.0,82,24.1,5.0
2013-02-08 22:00:00,22,5.6,79,18.4,5.6
2013-02-08 23:00:00,23,5.6,76,14.8,5.6
2013-02-09 00:00:00,0,5.0,76,17.9,5.0
2013-02-09 01:00:00,1,6.7,62,20.5,6.7
2013-02-09 02:00:00,2,5.6,53,27.7,5.6
2013-02-09 03:00:00,3,3.9,52,29.5,3.9
2013-02-09 04:00:00,4,3.3,52,33.5,3.3
2013-02-09 05:00:00,5,2.8,50,33.5,2.8
2013-02-09 06:00:00,6,2.8,50,25.9,2.8
2013-02-09 07:00:00,7,2.2,52,40.7,2.2
2013-02-09 08:00:00,8,1.7,54,35.3,1.7
2013-02-09 09:00:00,9,1.1,54,29.5,1.1
2013-02-09 10:00:00,10,0.6,51,48.2,0.6
2013-02-09 11:00:00,11,0.0,51,46.4,0.0
2013-02-09 12:00:00,12,-0.6,54,40.7,-0.6
2013-02-09 13:00:00,13,-0.6,51,40.7,-0.6
2013-02-09 14:00:00,14,0.6,47,44.6,0.6
2013-02-09 15:00:00,15,1.1,46,25.9,1.1
2013-02-09 16:00:00,16,2.2,44,33.5,2.2
2013-02-09 17:00:00,17,3.3,40,31.7,3.3
2013-02-09 18:00:00,18,4.4,39,37.1,4.4
2013-02-09 19:00:00,19,5.0,36,27.7,5.0
2013-02-09 20:00:00,20,5.6,34,18.4,5.6
2013-02-09 21:00:00,21,5.6,33,24.1,5.6
2013-02-09 22:00:00,22,5.0,31,20.5,5.0
2013-02-09 23:00:00,23,3.9,33,20.5,3.9
2013-02-10 00:00:00,0,3.3,35,13.0,3.3
2013-02-10 01:00:00,1,2.2,40,18.4,2.2
2013-02-10 02:00:00,2,2.2,38,18.4,2.2
2013-02-10 03:00:00,3,0.6,45,13.0,0.6
2013-02-10 04:00:00,4,0.6,45,14.8,0.6
2013-02-10 05:00:00,5,0.6,43,13.0,0.6
2013-02-10 06:00:00,6,-1.1,51,11.2,-1.1
2013-02-10 07:00:00,7,-1.1,51,11.2,-1.1
2013-02-10 08:00:00,8,-0.6,51,9.4,-0.6
2013-02-10 09:00:00,9,-0.6,51,5.4,-0.6
2013-02-10 10:00:00,10,-2.2,60,0.0,-2.2
2013-02-10 11:00:00,11,-2.8,66,5.4,-2.8
2013-02-10 12:00:00,12,-2.2,63,5.4,-2.2
2013-02-10 13:00:00,13,-1.7,69,0.0,-1.7
2013-02-10 14:00:00,14,0.0,54,0.0,0.0
2013-02-10 15:00:00,15,1.7,44,0.0,1.7
2013-02-10 16:00:00,16,2.8,42,11.2,2.8
2013-02-10 17:00:00,17,3.3,37,11.2,3.3
2013-02-10 18:00:00,18,5.0,34,11.2,5.0
2013-02-10 19:00:00,19,6.1,30,9.4,6.1
2013-02-10 20:00:00,20,7.2,27,14.8,7.2
2013-02-10 21:00:00,21,6.7,32,18.4,6.7
2013-02-10 22:00:00,22,6.1,38,16.6,6.1
2013-02-10 23:00:00,23,6.1,38,13.0,6.1
2013-02-11 00:00:00,0,5.0,41,9.4,5.0
2013-02-11 01:00:00,1,5.0,39,11.2,5.0
2013-02-11 02:00:00,2,4.4,43,11.2,4.4
2013-02-11 03:00:00,3,3.9,48,14.8,3.9
2013-02-11 04:00:00,4,3.9,59,9.4,3.9
2013-02-11 05:00:00,5,4.4,65,13.0,4.4
2013-02-11 06:00:00,6,4.4,73,16.6,4.4
2013-02-11 07:00:00,7,3.9,82,13.0,3.9
2013-02-11 08:00:00,8,3.9,86,11.2,3.9
2013-02-11 09:00:00,9,3.3,92,9.4,3.3
2013-02-11 10:00:00,10,3.3,92,9.4,3.3
2013-02-11 11:00:00,11,3.3,92,11.2,3.3
2013-02-11 12:00:00,12,3.9,92,11.2,3.9
2013-02-11 13:00:00,13,3.9,92,20.5,3.9
2013-02-11 14:00:00,14,4.4,93,13.0,4.4
2013-02-11 15:00:00,15,5.0,93,16.6,5.0
2013-02-11 16:00:00,16,5.6,96,20.5,5.6
2013-02-11 17:00:00,17,6.7,96,14.8,6.7
2013-02-11 18:00:00,18,7.2,93,14.8,7.2
2013-02-11 19:00:00,19,9.4,90,14.8,9.4
2013-02-11 20:00:00,20,10.0,89,14.8,10.0
2013-02-11 21:00:00,21,11.7,86,22.3,11.7
2013-02-11 22:00:00,22,11.7,86,24.1,11.7
2013-02-11 23:00:00,23,11.7,86,25.9,11.7
2013-02-12 00:00:00,0,11.7,86,20.5,11.7
2013-02-12 01:00:00,1,12.2,83,16.6,12.2
2013-02-12 02:00:00,2,11.1,86,13.0,11.1
2013-02-12 03:00:00,3,10.6,86,7.6,10.6
2013-02-12 04:00:00,4,11.7,77,9.4,11.7
2013-02-12 05:00:00,5,7.8,89,0.0,7.8
2013-02-12 06:00:00,6,10.6,42,24.1,10.6
2013-02-12 07:00:00,7,10.0,44,14.8,10.0
2013-02-12 08:00:00,8,8.9,44,11.2,8.9
2013-02-12 09:00:00,9,9.4,41,22.3,9.4
2013-02-12 10:00:00,10,9.4,41,24.1,9.4
2013-02-12 11:00:00,11,8.9,40,16.6,8.9
2013-02-12 12:00:00,12,8.3,39,13.0,8.3
2013-02-12 13:00:00,13,8.9,37,9.4,8.9
2013-02-12 14:00:00,14,9.4,39,5.4,9.4
2013-02-12 15:00:00,15,10.0,37,20.5,10.0
2013-02-12 16:00:00,16,11.7,35,25.9,11.7
2013-02-12 17:00:00,17,12.2,31,24.1,12.2
2013-02-12 18:00:00,18,13.3,30,22.3,13.3
2013-02-12 19:00:00,19,14.4,28,13.0,14.4
2013-02-12 20:00:00,20,14.4,27,13.0,14.4
2013-02-12 21:00:00,21,14.4,27,14.8,14.4
2013-02-12 22:00:00,22,11.7,39,14.8,11.7
2013-02-12 23:00:00,23,12.8,29,0.0,12.8
2013-02-13 00:00:00,0,8.9,50,9.4,8.9
2013-02-13 01:00:00,1,8.9,46,5.4,8.9
2013-02-13 02:00:00,2,7.2,58,9.4,7.2
2013-02-13 03:00:00,3,6.7,58,11.2,6.7
2013-02-13 04:00:00,4,5.6,62,11.2,5.6
2013-02-13 05:00:00,5,5.0,62,11.2,5.0
2013-02-13 06:00:00,6,4.4,60,14.8,4.4
2013-02-13 07:00:00,7,3.3,67,13.0,3.3
2013-02-13 08:00:00,8,2.8,64,7.6,2.8
2013-02-13 09:00:00,9,2.2,67,11.2,2.2
2013-02-13 10:00:00,10,2.2,67,7.6,2.2
2013-02-13 11:00:00,11,1.7,69,14.8,1.7
2013-02-13 12:00:00,12,2.2,70,13.0,2.2
2013-02-13 13:00:00,13,2.8,67,0.0,2.8
2013-02-13 14:00:00,14,3.9,62,11.2,3.9
2013-02-13 15:00:00,15,5.0,55,9.4,5.0
2013-02-13 16:00:00,16,5.6,55,7.6,5.6
2013-02-13 17:00:00,17,7.8,49,9.4,7.8
2013-02-13 18:00:00,18,8.3,52,13.0,8.3
2013-02-13 19:00:00,19,8.9,50,7.6,8.9
2013-02-13 20:00:00,20,7.8,60,9.4,7.8
2013-02-13 21:00:00,21,6.7,70,5.4,6.7
2013-02-13 22:00:00,22,6.1,76,7.6,6.1
2013-02-13 23:00:00,23,4.4,83,20.5,4.4
2013-02-14 00:00:00,0,3.3,86,13.0,3.3
2013-02-14 01:00:00,1,3.3,86,13.0,3.3
2013-02-14 02:00:00,2,2.8,89,13.0,2.8
2013-02-14 03:00:00,3,2.2,89,18.4,2.2
2013-02-14 04:00:00,4,2.2,89,13.0,2.2
2013-02-14 05:00:00,5,2.8,85,13.0,2.8
2013-02-14 06:00:00,6,2.8,85,14.8,2.8
2013-02-14 07:00:00,7,2.8,82,7.6,2.8
2013-02-14 08:00:00,8,2.2,85,0.0,2.2
2013-02-14 09:00:00,9,1.7,88,7.6,1.7
2013-02-14 10:00:00,10,1.7,88,0.0,1.7
2013-02-14 11:00:00,11,2.8,76,11.2,2.8
2013-02-14 12:00:00,12,2.8,72,16.6,2.8
2013-02-14 13:00:00,13,2.8,70,11.2,2.8
2013-02-14 14:00:00,14,3.9,64,14.8,3.9
2013-02-14 15:00:00,15,5.6,57,22.3,5.6
2013-02-14 16:00:00,16,6.7,55,13.0,6.7
2013-02-14 17:00:00,17,7.2,47,9.4,7.2
2013-02-14 18:00:00,18,8.9,39,16.6,8.9
2013-02-14 19:00:00,19,9.4,41,11.2,9.4
2013-02-14 20:00:00,20,9.4,38,5.4,9.4
2013-02-14 21:00:00,21,9.4,38,5.4,9.4
2013-02-14 22:00:00,22,8.9,40,11.2,8.9
2013-02-14 23:00:00,23,7.8,49,11.2,7.8
2013-02-15 00:00:00,0,6.7,58,9.4,6.7
2013-02-15 01:00:00,1,6.1,68,0.0,6.1
2013-02-15 02:00:00,2,6.1,55,0.0,6.1
2013-02-15 03:00:00,3,5.0,60,13.0,5.0
2013-02-15 04:00:00,4,4.4,70,14.8,4.4
2013-02-15 05:00:00,5,3.9,72,14.8,3.9
2013-02-15 06:00:00,6,4.4,76,14.8,4.4
2013-02-15 07:00:00,7,3.3,79,13.0,3.3
2013-02-15 08:00:00,8,3.3,82,11.2,3.3
2013-02-15 09:00:00,9,3.3,79,11.2,3.3
2013-02-15 10:00:00,10,2.8,82,11.2,2.8
2013-02-15 11:00:00,11,2.2,85,5.4,2.2
2013-02-15 12:00:00,12,2.8,82,7.6,2.8
2013-02-15 13:00:00,13,3.9,76,5.4,3.9
2013-02-15 14:00:00,14,5.0,76,7.6,5.0
2013-02-15 15:00:00,15,6.1,68,11.2,6.1
2013-02-15 16:00:00,16,8.9,56,11.2,8.9
2013-02-15 17:00:00,17,11.1,50,11.2,11.1
2013-02-15 18:00:00,18,13.9,38,13.0,13.9
2013-02-15 19:00:00,19,14.4,30,14.8,14.4
2013-02-15 20:00:00,20,13.9,36,20.5,13.9
2013-02-15 21:00:00,21,15.0,29,0.0,15.0
2013-02-15 22:00:00,22,12.8,38,13.0,12.8
2013-02-15 23:00:00,23,10.0,58,42.5,10.0
2013-02-16 00:00:00,0,8.9,63,20.5,8.9
2013-02-16 01:00:00,1,7.8,65,29.5,7.8
2013-02-16 02:00:00,2,5.6,76,29.5,5.6
2013-02-16 03:00:00,3,3.9,82,25.9,3.9
2013-02-16 04:00:00,4,3.3,86,7.6,3.3
2013-02-16 05:00:00,5,3.3,86,7.6,3.3
2013-02-16 06:00:00,6,2.8,89,5.4,2.8
2013-02-16 07:00:00,7,3.3,86,0.0,3.3
2013-02-16 08:00:00,8,2.8,89,0.0,2.8
2013-02-16 09:00:00,9,3.3,82,0.0,3.3
2013-02-16 10:00:00,10,3.9,79,5.4,3.9
2013-02-16 11:00:00,11,3.9,79,0.0,3.9
2013-02-16 12:00:00,12,3.3,89,9.4,3.3
2013-02-16 13:00:00,13,2.8,85,14.8,2.8
2013-02-16 14:00:00,14,3.9,76,16.6,3.9
2013-02-16 15:00:00,15,3.9,72,20.5,3.9
2013-02-16 16:00:00,16,4.0,70,14.8,4.0
2013-02-16 17:00:00,17,4.4,70,18.4,4.4
2013-02-16 18:00:00,18,4.4,68,14.8,4.4
2013-02-16 19:00:00,19,4.0,65,22.3,4.0
2013-02-16 20:00:00,20,3.9,62,16.6,3.9
2013-02-16 21:00:00,21,3.3,62,22.3,3.3
2013-02-16 22:00:00,22,3.3,59,18.4,3.3
2013-02-16 23:00:00,23,2.8,61,20.5,2.8
2013-02-17 00:00:00,0,2.8,56,29.5,2.8
2013-02-17 01:00:00,1,2.2,52,37.1,2.2
2013-02-17 02:00:00,2,2.2,46,25.9,2.2
2013-02-17 03:00:00,3,1.7,45,29.5,1.7
2013-02-17 04:00:00,4,1.1,43,20.5,1.1
2013-02-17 05:00:00,5,0.6,47,25.9,0.6
2013-02-17 06:00:00,6,0.0,49,27.7,0.0
2013-02-17 07:00:00,7,-0.6,51,27.7,-0.6
2013-02-17 08:00:00,8,-1.1,48,27.7,-1.1
2013-02-17 09:00:00,9,-1.7,53,18.4,-1.7
2013-02-17 10:00:00,10,-1.7,49,18.4,-1.7
2013-02-17 11:00:00,11,-2.2,50,13.0,-2.2
2013-02-17 12:00:00,12,-2.8,53,16.6,-2.8
2013-02-17 13:00:00,13,-1.7,49,16.6,-1.7
2013-02-17 14:00:00,14,-1.1,47,31.7,-1.1
2013-02-17 15:00:00,15,-0.6,39,33.5,-0.6
2013-02-17 16:00:00,16,0.0,36,38.9,0.0
2013-02-17 17:00:00,17,-0.6,43,29.5,-0.6
2013-02-17 18:00:00,18,0.6,34,33.5,0.6
2013-02-17 19:00:00,19,1.1,29,37.1,1.1
2013-02-17 20:00:00,20,0.0,31,29.5,0.0
2013-02-17 21:00:00,21,0.0,30,27.7,0.0
2013-02-17 22:00:00,22,-0.6,28,37.1,-0.6
2013-02-17 23:00:00,23,-1.7,30,33.5,-1.7
2013-02-18 00:00:00,0,-2.2,32,20.5,-2.2
2013-02-18 01:00:00,1,-2.2,34,33.5,-2.2
2013-02-18 02:00:00,2,-2.8,40,22.3,-2.8
2013-02-18 03:00:00,3,-2.8,40,31.3,-2.8
2013-02-18 04:00:00,4,-3.3,42,18.4,-3.3
2013-02-18 05:00:00,5,-3.3,42,22.3,-3.3
2013-02-18 06:00:00,6,-3.9,44,16.6,-3.9
2013-02-18 07:00:00,7,-3.9,42,18.4,-3.9
2013-02-18 08:00:00,8,-4.4,41,16.6,-4.4
2013-02-18 09:00:00,9,-5.0,43,7.6,-5.0
2013-02-18 10:00:00,10,-4.4,41,11.2,-4.4
2013-02-18 11:00:00,11,-5.0,48,11.2,-5.0
2013-02-18 12:00:00,12,-5.0,48,7.6,-5.0
2013-02-18 13:00:00,13,-3.9,42,13.0,-3.9
2013-02-18 14:00:00,14,-2.2,37,18.4,-2.2
2013-02-18 15:00:00,15,-1.1,34,18.4,-1.1
2013-02-18 16:00:00,16,0.0,31,5.4,0.0
2013-02-18 17:00:00,17,2.2,28,11.2,2.2
2013-02-18 18:00:00,18,3.3,25,9.4,3.3
2013-02-18 19:00:00,19,5.0,24,11.2,5.0
2013-02-18 20:00:00,20,5.0,29,16.6,5.0
2013-02-18 21:00:00,21,5.0,25,14.8,5.0
2013-02-18 22:00:00,22,5.6,23,20.5,5.6
2013-02-18 23:00:00,23,3.9,42,9.4,3.9
2013-02-19 00:00:00,0,3.3,32,9.4,3.3
2013-02-19 01:00:00,1,3.3,39,13.0,3.3
2013-02-19 02:00:00,2,2.8,42,13.0,2.8
2013-02-19 03:00:00,3,3.3,44,16.6,3.3
2013-02-19 04:00:00,4,3.3,46,13.0,3.3
2013-02-19 05:00:00,5,2.8,52,11.2,2.8
2013-02-19 06:00:00,6,4.4,50,20.5,4.4
2013-02-19 07:00:00,7,3.9,46,25.9,3.9
2013-02-19 08:00:00,8,3.3,50,20.5,3.3
2013-02-19 09:00:00,9,3.3,57,20.5,3.3
2013-02-19 10:00:00,10,3.9,52,20.5,3.9
2013-02-19 11:00:00,11,3.3,52,14.8,3.3
2013-02-19 12:00:00,12,3.9,52,25.9,3.9
2013-02-19 13:00:00,13,4.4,55,24.1,4.4
2013-02-19 14:00:00,14,5.6,46,35.3,5.6
2013-02-19 15:00:00,15,4.4,68,22.3,4.4
2013-02-19 16:00:00,16,4.4,76,14.8,4.4
2013-02-19 17:00:00,17,5.0,79,22.3,5.0
2013-02-19 18:00:00,18,5.6,82,20.5,5.6
2013-02-19 19:00:00,19,6.7,82,25.9,6.7
2013-02-19 20:00:00,20,6.7,85,25.9,6.7
2013-02-19 21:00:00,21,7.2,82,25.9,7.2
2013-02-19 22:00:00,22,7.8,79,22.3,7.8
2013-02-19 23:00:00,23,8.3,76,18.4,8.3
2013-02-20 00:00:00,0,7.8,76,13.0,7.8
2013-02-20 01:00:00,1,7.2,76,9.4,7.2
2013-02-20 02:00:00,2,6.7,70,18.4,6.7
2013-02-20 03:00:00,3,6.1,55,18.4,6.1
2013-02-20 04:00:00,4,5.6,50,14.8,5.6
2013-02-20 05:00:00,5,4.4,46,14.8,4.4
2013-02-20 06:00:00,6,3.9,44,16.6,3.9
2013-02-20 07:00:00,7,3.9,42,20.5,3.9
2013-02-20 08:00:00,8,3.3,44,31.7,3.3
2013-02-20 09:00:00,9,2.2,46,20.5,2.2
2013-02-20 10:00:00,10,1.7,42,16.6,1.7
2013-02-20 11:00:00,11,1.1,43,20.5,1.1
2013-02-20 12:00:00,12,1.1,40,24.1,1.1
2013-02-20 13:00:00,13,0.6,39,24.1,0.6
2013-02-20 14:00:00,14,1.7,36,31.7,1.7
2013-02-20 15:00:00,15,1.7,36,29.5,1.7
2013-02-20 16:00:00,16,1.7,36,37.1,1.7
2013-02-20 17:00:00,17,2.8,37,22.3,2.8
2013-02-20 18:00:00,18,3.9,34,20.5,3.9
2013-02-20 19:00:00,19,4.4,33,29.5,4.4
2013-02-20 20:00:00,20,4.4,33,31.7,4.4
2013-02-20 21:00:00,21,4.4,30,27.7,4.4
2013-02-20 22:00:00,22,3.3,32,40.7,3.3
2013-02-20 23:00:00,23,1.1,40,31.7,1.1
2013-02-21 00:00:00,0,0.0,41,35.3,0.0
2013-02-21 01:00:00,1,-0.6,39,27.7,-0.6
2013-02-21 02:00:00,2,-1.7,41,27.7,-1.7
2013-02-21 03:00:00,3,-2.2,40,22.3,-2.2
2013-02-21 04:00:00,4,-2.8,42,22.3,-2.8
2013-02-21 05:00:00,5,-2.8,40,22.3,-2.8
2013-02-21 06:00:00,6,-3.3,42,24.1,-3.3
2013-02-21 07:00:00,7,-3.3,44,18.4,-3.3
2013-02-21 08:00:00,8,-3.3,46,13.0,-3.3
2013-02-21 09:00:00,9,-3.3,46,13.0,-3.3
2013-02-21 10:00:00,10,-3.3,46,11.2,-3.3
2013-02-21 11:00:00,11,-3.3,48,16.6,-3.3
2013-02-21 12:00:00,12,-3.3,48,13.0,-3.3
2013-02-21 13:00:00,13,-2.2,46,18.4,-2.2
2013-02-21 14:00:00,14,-1.1,43,27.7,-1.1
2013-02-21 15:00:00,15,0.0,39,20.5,0.0
2013-02-21 16:00:00,16,1.7,38,27.7,1.7
2013-02-21 17:00:00,17,2.2,37,29.5,2.2
2013-02-21 18:00:00,18,2.8,35,25.9,2.8
2013-02-21 19:00:00,19,3.9,34,29.5,3.9
2013-02-21 20:00:00,20,4.4,31,20.5,4.4
2013-02-21 21:00:00,21,4.4,33,29.5,4.4
2013-02-21 22:00:00,22,3.9,34,22.3,3.9
2013-02-21 23:00:00,23,2.8,37,24.1,2.8
2013-02-22 00:00:00,0,1.7,42,20.5,1.7
2013-02-22 01:00:00,1,1.1,43,20.5,1.1
2013-02-22 02:00:00,2,1.1,43,22.3,1.1
2013-02-22 03:00:00,3,0.0,49,13.0,0.0
2013-02-22 04:00:00,4,0.0,49,13.0,0.0
2013-02-22 05:00:00,5,0.6,51,16.6,0.6
2013-02-22 06:00:00,6,1.1,46,20.5,1.1
2013-02-22 07:00:00,7,0.6,47,16.6,0.6
2013-02-22 08:00:00,8,0.0,51,13.0,0.0
2013-02-22 09:00:00,9,0.0,49,13.0,0.0
2013-02-22 10:00:00,10,0.0,51,13.0,0.0
2013-02-22 11:00:00,11,0.6,49,13.0,0.6
2013-02-22 12:00:00,12,0.0,54,13.0,0.0
2013-02-22 13:00:00,13,0.0,54,13.0,0.0
2013-02-22 14:00:00,14,0.6,53,13.0,0.6
2013-02-22 15:00:00,15,0.6,56,13.0,0.6
2013-02-22 16:00:00,16,1.1,54,14.8,1.1
2013-02-22 17:00:00,17,1.1,59,9.4,1.1
2013-02-22 18:00:00,18,0.6,66,0.0,0.6
2013-02-22 19:00:00,19,0.6,72,5.4,0.6
2013-02-22 20:00:00,20,0.6,78,9.4,0.6
2013-02-22 21:00:00,21,0.6,78,5.4,0.6
2013-02-22 22:00:00,22,1.0,75,7.6,1.0
2013-02-22 23:00:00,23,0.6,78,7.6,0.6
2013-02-23 00:00:00,0,1.1,75,9.4,1.1
2013-02-23 01:00:00,1,1.1,79,5.4,1.1
2013-02-23 02:00:00,2,1.1,79,5.4,1.1
2013-02-23 03:00:00,3,1.0,80,7.6,1.0
2013-02-23 04:00:00,4,1.1,85,5.4,1.1
2013-02-23 05:00:00,5,1.1,88,0.0,1.1
2013-02-23 06:00:00,6,1.1,88,5.4,1.1
2013-02-23 07:00:00,7,1.1,92,9.4,1.1
2013-02-23 08:00:00,8,1.1,92,7.6,1.1
2013-02-23 09:00:00,9,1.7,88,9.4,1.7
2013-02-23 10:00:00,10,1.7,88,11.2,1.7
2013-02-23 11:00:00,11,2.0,93,11.2,2.0
2013-02-23 12:00:00,12,1.7,92,11.2,1.7
2013-02-23 13:00:00,13,2.2,89,9.4,2.2
2013-02-23 14:00:00,14,2.8,92,9.4,2.8
2013-02-23 15:00:00,15,3.3,92,11.2,3.3
2013-02-23 16:00:00,16,3.9,92,11.2,3.9
2013-02-23 17:00:00,17,4.4,93,13.0,4.4
2013-02-23 18:00:00,18,5.0,93,14.8,5.0
2013-02-23 19:00:00,19,5.6,92,9.4,5.6
2013-02-23 20:00:00,20,7.2,86,9.4,7.2
2013-02-23 21:00:00,21,7.8,86,5.4,7.8
2013-02-23 22:00:00,22,7.8,86,7.6,7.8
2013-02-23 23:00:00,23,7.2,90,11.2,7.2
2013-02-24 00:00:00,0,7.8,86,9.4,7.8
2013-02-24 01:00:00,1,7.2,90,9.4,7.2
2013-02-24 02:00:00,2,7.8,86,14.8,7.8
2013-02-24 03:00:00,3,7.2,90,9.4,7.2
2013-02-24 04:00:00,4,7.2,90,14.8,7.2
2013-02-24 05:00:00,5,7.2,86,14.8,7.2
2013-02-24 06:00:00,6,6.7,89,11.2,6.7
2013-02-24 07:00:00,7,6.1,89,16.6,6.1
2013-02-24 08:00:00,8,6.1,86,14.8,6.1
2013-02-24 09:00:00,9,6.1,86,13.0,6.1
2013-02-24 10:00:00,10,6.1,86,14.8,6.1
2013-02-24 11:00:00,11,6.1,86,13.0,6.1
2013-02-24 12:00:00,12,6.1,86,13.0,6.1
2013-02-24 13:00:00,13,6.1,86,9.4,6.1
2013-02-24 14:00:00,14,8.3,68,13.0,8.3
2013-02-24 15:00:00,15,8.9,56,27.7,8.9
2013-02-24 16:00:00,16,10.0,50,29.5,10.0
2013-02-24 17:00:00,17,10.6,46,29.5,10.6
2013-02-24 18:00:00,18,11.1,36,24.1,11.1
2013-02-24 19:00:00,19,11.7,33,18.4,11.7
2013-02-24 20:00:00,20,12.2,31,20.5,12.2
2013-02-24 21:00:00,21,11.7,31,24.1,11.7
2013-02-24 22:00:00,22,9.4,36,31.7,9.4
2013-02-24 23:00:00,23,5.6,46,38.9,5.6
2013-02-25 00:00:00,0,4.4,46,51.8,4.4
2013-02-25 01:00:00,1,3.3,52,24.1,3.3
2013-02-25 02:00:00,2,2.8,46,33.5,2.8
2013-02-25 03:00:00,3,2.2,46,22.3,2.2
2013-02-25 04:00:00,4,2.2,46,20.5,2.2
2013-02-25 05:00:00,5,1.7,47,24.1,1.7
2013-02-25 06:00:00,6,1.1,50,16.6,1.1
2013-02-25 07:00:00,7,0.6,51,14.8,0.6
2013-02-25 08:00:00,8,0.0,56,11.2,0.0
2013-02-25 09:00:00,9,0.0,56,13.0,0.0
2013-02-25 10:00:00,10,-1.1,60,9.4,-1.1
2013-02-25 11:00:00,11,-0.6,58,5.4,-0.6
2013-02-25 12:00:00,12,0.0,56,9.4,0.0
2013-02-25 13:00:00,13,1.0,55,11.2,1.0
2013-02-25 14:00:00,14,2.8,48,14.8,2.8
2013-02-25 15:00:00,15,4.4,44,13.0,4.4
2013-02-25 16:00:00,16,6.1,39,11.2,6.1
2013-02-25 17:00:00,17,7.2,36,0.0,7.2
2013-02-25 18:00:00,18,7.2,36,7.6,7.2
2013-02-25 19:00:00,19,7.8,35,7.6,7.8
2013-02-25 20:00:00,20,8.9,34,5.4,8.9
2013-02-25 21:00:00,21,8.9,33,0.0,8.9
2013-02-25 22:00:00,22,8.3,34,0.0,8.3
2013-02-25 23:00:00,23,7.8,35,0.0,7.8
2013-02-26 00:00:00,0,5.6,50,13.0,5.6
2013-02-26 01:00:00,1,5.0,51,11.2,5.0
2013-02-26 02:00:00,2,4.4,55,5.4,4.4
2013-02-26 03:00:00,3,4.4,53,5.4,4.4
2013-02-26 04:00:00,4,3.9,67,0.0,3.9
2013-02-26 05:00:00,5,3.3,70,0.0,3.3
2013-02-26 06:00:00,6,2.2,73,0.0,2.2
2013-02-26 07:00:00,7,2.2,67,0.0,2.2
2013-02-26 08:00:00,8,1.1,72,7.6,1.1
2013-02-26 09:00:00,9,0.6,75,9.4,0.6
2013-02-26 10:00:00,10,0.6,75,11.2,0.6
2013-02-26 11:00:00,11,1.1,72,9.4,1.1
2013-02-26 12:00:00,12,1.1,79,14.8,1.1
2013-02-26 13:00:00,13,1.7,78,13.0,1.7
2013-02-26 14:00:00,14,2.8,76,9.4,2.8
2013-02-26 15:00:00,15,4.4,62,11.2,4.4
2013-02-26 16:00:00,16,5.0,62,18.4,5.0
2013-02-26 17:00:00,17,5.0,70,16.6,5.0
2013-02-26 18:00:00,18,4.4,79,13.0,4.4
2013-02-26 19:00:00,19,5.0,82,25.9,5.0
2013-02-26 20:00:00,20,5.6,85,27.7,5.6
2013-02-26 21:00:00,21,6.1,82,25.9,6.1
2013-02-26 22:00:00,22,6.7,82,31.7,6.7
2013-02-26 23:00:00,23,6.7,82,33.5,6.7
2013-02-27 00:00:00,0,6.7,85,27.7,6.7
2013-02-27 01:00:00,1,7.2,86,29.5,7.2
2013-02-27 02:00:00,2,7.8,86,11.2,7.8
2013-02-27 03:00:00,3,7.2,93,13.0,7.2
2013-02-27 04:00:00,4,7.8,89,14.8,7.8
2013-02-27 05:00:00,5,7.8,89,14.8,7.8
2013-02-27 06:00:00,6,7.8,93,14.8,7.8
2013-02-27 07:00:00,7,7.8,93,16.6,7.8
2013-02-27 08:00:00,8,7.8,93,11.2,7.8
2013-02-27 09:00:00,9,7.2,97,11.2,7.2
2013-02-27 10:00:00,10,7.2,93,14.8,7.2
2013-02-27 11:00:00,11,6.1,89,18.4,6.1
2013-02-27 12:00:00,12,5.6,89,18.4,5.6
2013-02-27 13:00:00,13,5.6,85,9.4,5.6
2013-02-27 14:00:00,14,6.7,79,7.6,6.7
2013-02-27 15:00:00,15,8.9,71,18.4,8.9
2013-02-27 16:00:00,16,10.6,63,13.0,10.6
2013-02-27 17:00:00,17,12.2,54,14.8,12.2
2013-02-27 18:00:00,18,12.2,53,13.0,12.2
2013-02-27 19:00:00,19,13.3,49,11.2,13.3
2013-02-27 20:00:00,20,13.9,44,11.2,13.9
2013-02-27 21:00:00,21,13.3,43,11.2,13.3
2013-02-27 22:00:00,22,13.3,40,13.0,13.3
2013-02-27 23:00:00,23,11.7,44,18.4,11.7
2013-02-28 00:00:00,0,11.1,44,13.0,11.1
2013-02-28 01:00:00,1,10.6,44,14.8,10.6
2013-02-28 02:00:00,2,10.6,44,7.6,10.6
2013-02-28 03:00:00,3,10.0,46,5.4,10.0
2013-02-28 04:00:00,4,7.2,68,7.6,7.2
2013-02-28 05:00:00,5,7.2,68,7.6,7.2
2013-02-28 06:00:00,6,7.2,70,5.4,7.2
2013-02-28 07:00:00,7,8.3,65,5.4,8.3
2013-02-28 08:00:00,8,7.8,68,16.6,7.8
2013-02-28 09:00:00,9,6.7,70,14.8,6.7
2013-02-28 10:00:00,10,6.1,73,9.4,6.1
2013-02-28 11:00:00,11,6.1,70,20.5,6.1
2013-02-28 12:00:00,12,5.6,62,20.5,5.6
2013-02-28 13:00:00,13,5.6,53,13.0,5.6
2013-02-28 14:00:00,14,7.2,49,16.6,7.2
2013-02-28 15:00:00,15,8.3,39,18.4,8.3
2013-02-28 16:00:00,16,8.9,35,20.5,8.9
2013-02-28 17:00:00,17,9.4,33,20.5,9.4
2013-02-28 18:00:00,18,8.3,39,14.8,8.3
2013-02-28 19:00:00,19,7.8,45,20.5,7.8
2013-02-28 20:00:00,20,7.8,49,29.5,7.8
2013-02-28 21:00:00,21,7.2,47,22.3,7.2
2013-02-28 22:00:00,22,7.2,47,16.6,7.2
2013-02-28 23:00:00,23,7.8,43,20.5,7.8
2013-03-01 00:00:00,0,6.7,47,14.8,6.7
2013-03-01 01:00:00,1,6.7,49,18.4,6.7
2013-03-01 02:00:00,2,6.7,49,20.5,6.7
2013-03-01 03:00:00,3,6.7,49,16.6,6.7
2013-03-01 04:00:00,4,6.1,53,11.2,6.1
2013-03-01 05:00:00,5,6.1,55,20.5,6.1
2013-03-01 06:00:00,6,6.1,55,16.6,6.1
2013-03-01 07:00:00,7,6.1,55,18.4,6.1
2013-03-01 08:00:00,8,6.1,55,20.5,6.1
2013-03-01 09:00:00,9,5.6,57,20.5,5.6
2013-03-01 10:00:00,10,5.6,57,20.5,5.6
2013-03-01 11:00:00,11,5.6,57,9.4,5.6
2013-03-01 12:00:00,12,5.6,57,18.4,5.6
2013-03-01 13:00:00,13,5.6,57,22.3,5.6
2013-03-01 14:00:00,14,6.1,53,24.1,6.1
2013-03-01 15:00:00,15,6.7,51,29.5,6.7
2013-03-01 16:00:00,16,6.7,49,25.9,6.7
2013-03-01 17:00:00,17,7.2,47,27.7,7.2
2013-03-01 18:00:00,18,7.2,44,18.4,7.2
2013-03-01 19:00:00,19,7.8,43,18.4,7.8
2013-03-01 20:00:00,20,7.2,44,18.4,7.2
2013-03-01 21:00:00,21,6.7,45,25.9,6.7
2013-03-01 22:00:00,22,6.7,43,24.1,6.7
2013-03-01 23:00:00,23,6.1,47,20.5,6.1
2013-03-02 00:00:00,0,5.6,46,25.9,5.6
2013-03-02 01:00:00,1,5.6,49,22.3,5.6
2013-03-02 02:00:00,2,5.0,53,24.1,5.0
2013-03-02 03:00:00,3,3.9,57,20.5,3.9
2013-03-02 04:00:00,4,3.9,57,20.5,3.9
2013-03-02 05:00:00,5,3.3,52,22.3,3.3
2013-03-02 06:00:00,6,2.8,52,22.3,2.8
2013-03-02 07:00:00,7,2.2,54,16.6,2.2
2013-03-02 08:00:00,8,1.7,56,16.6,1.7
2013-03-02 09:00:00,9,1.7,56,13.0,1.7
2013-03-02 10:00:00,10,1.1,59,18.4,1.1
2013-03-02 11:00:00,11,1.1,59,14.8,1.1
2013-03-02 12:00:00,12,0.6,61,16.6,0.6
2013-03-02 13:00:00,13,1.7,56,22.3,1.7
2013-03-02 14:00:00,14,2.2,52,29.5,2.2
2013-03-02 15:00:00,15,1.7,54,24.1,1.7
2013-03-02 16:00:00,16,2.8,50,20.5,2.8
2013-03-02 17:00:00,17,2.2,52,18.4,2.2
2013-03-02 18:00:00,18,2.8,48,18.4,2.8
2013-03-02 19:00:00,19,2.8,48,20.5,2.8
2013-03-02 20:00:00,20,3.3,46,24.1,3.3
2013-03-02 21:00:00,21,3.3,46,18.4,3.3
2013-03-02 22:00:00,22,3.3,46,16.6,3.3
2013-03-02 23:00:00,23,2.2,52,24.1,2.2
2013-03-03 00:00:00,0,1.7,54,22.3,1.7
2013-03-03 01:00:00,1,1.1,54,18.4,1.1
2013-03-03 02:00:00,2,0.6,56,18.4,0.6
2013-03-03 03:00:00,3,0.6,56,16.6,0.6
2013-03-03 04:00:00,4,0.0,56,20.5,0.0
2013-03-03 05:00:00,5,0.0,56,18.4,0.0
2013-03-03 06:00:00,6,0.0,58,20.5,0.0
2013-03-03 07:00:00,7,-0.6,61,20.5,-0.6
2013-03-03 08:00:00,8,-0.6,61,16.6,-0.6
2013-03-03 09:00:00,9,0.0,58,13.0,0.0
2013-03-03 10:00:00,10,-0.6,58,16.6,-0.6
2013-03-03 11:00:00,11,-0.6,58,13.0,-0.6
2013-03-03 12:00:00,12,-1.1,63,14.8,-1.1
2013-03-03 13:00:00,13,1.1,56,13.0,1.1
2013-03-03 14:00:00,14,1.7,52,31.7,1.7
2013-03-03 15:00:00,15,2.2,46,33.5,2.2
2013-03-03 16:00:00,16,3.3,42,25.9,3.3
2013-03-03 17:00:00,17,3.9,41,20.5,3.9
2013-03-03 18:00:00,18,3.9,41,20.5,3.9
2013-03-03 19:00:00,19,5.0,36,25.9,5.0
2013-03-03 20:00:00,20,5.6,34,22.3,5.6
2013-03-03 21:00:00,21,5.6,34,24.1,5.6
2013-03-03 22:00:00,22,5.0,36,27.7,5.0
2013-03-03 23:00:00,23,4.4,37,20.5,4.4
2013-03-04 00:00:00,0,3.3,40,24.1,3.3
2013-03-04 01:00:00,1,2.2,44,31.7,2.2
2013-03-04 02:00:00,2,1.7,44,22.3,1.7
2013-03-04 03:00:00,3,1.1,43,16.6,1.1
2013-03-04 04:00:00,4,0.6,45,18.4,0.6
2013-03-04 05:00:00,5,0.0,47,24.1,0.0
2013-03-04 06:00:00,6,0.0,47,16.6,0.0
2013-03-04 07:00:00,7,0.0,47,24.1,0.0
2013-03-04 08:00:00,8,-0.6,49,16.6,-0.6
2013-03-04 09:00:00,9,-0.6,51,18.4,-0.6
2013-03-04 10:00:00,10,-0.6,51,24.1,-0.6
2013-03-04 11:00:00,11,-1.1,53,25.9,-1.1
2013-03-04 12:00:00,12,-1.1,51,16.6,-1.1
2013-03-04 13:00:00,13,0.0,41,29.5,0.0
2013-03-04 14:00:00,14,1.1,40,25.9,1.1
2013-03-04 15:00:00,15,1.7,40,27.7,1.7
2013-03-04 16:00:00,16,3.3,39,27.7,3.3
2013-03-04 17:00:00,17,4.4,36,37.1,4.4
2013-03-04 18:00:00,18,5.0,36,31.3,5.0
2013-03-04 19:00:00,19,6.7,33,20.5,6.7
2013-03-04 20:00:00,20,6.7,32,27.7,6.7
2013-03-04 21:00:00,21,7.2,30,27.7,7.2
2013-03-04 22:00:00,22,7.2,28,24.1,7.2
2013-03-04 23:00:00,23,5.6,29,27.7,5.6
2013-03-05 00:00:00,0,4.4,33,16.6,4.4
2013-03-05 01:00:00,1,4.4,33,14.8,4.4
2013-03-05 02:00:00,2,3.3,37,14.8,3.3
2013-03-05 03:00:00,3,2.8,38,5.4,2.8
2013-03-05 04:00:00,4,1.7,44,9.4,1.7
2013-03-05 05:00:00,5,2.2,42,16.6,2.2
2013-03-05 06:00:00,6,2.2,42,9.4,2.2
2013-03-05 07:00:00,7,1.1,47,7.6,1.1
2013-03-05 08:00:00,8,1.7,45,7.6,1.7
2013-03-05 09:00:00,9,0.6,53,7.6,0.6
2013-03-05 10:00:00,10,1.7,47,5.4,1.7
2013-03-05 11:00:00,11,0.6,53,7.6,0.6
2013-03-05 12:00:00,12,1.7,47,7.6,1.7
2013-03-05 13:00:00,13,3.3,44,16.6,3.3
2013-03-05 14:00:00,14,5.0,41,16.6,5.0
2013-03-05 15:00:00,15,5.6,38,13.0,5.6
2013-03-05 16:00:00,16,7.2,34,16.6,7.2
2013-03-05 17:00:00,17,9.4,26,13.0,9.4
2013-03-05 18:00:00,18,9.4,23,9.4,9.4
2013-03-05 19:00:00,19,10.0,21,7.6,10.0
2013-03-05 20:00:00,20,10.6,18,0.0,10.6
2013-03-05 21:00:00,21,10.0,30,16.6,10.0
2013-03-05 22:00:00,22,8.3,36,18.4,8.3
2013-03-05 23:00:00,23,7.2,38,25.9,7.2
2013-03-06 00:00:00,0,6.7,38,14.8,6.7
2013-03-06 01:00:00,1,6.1,36,14.8,6.1
2013-03-06 02:00:00,2,6.1,39,13.0,6.1
2013-03-06 03:00:00,3,5.6,44,27.7,5.6
2013-03-06 04:00:00,4,5.0,65,20.5,5.0
2013-03-06 05:00:00,5,3.9,70,16.6,3.9
2013-03-06 06:00:00,6,1.7,88,16.6,1.7
2013-03-06 07:00:00,7,1.7,88,22.3,1.7
2013-03-06 08:00:00,8,1.1,92,20.5,1.1
2013-03-06 09:00:00,9,1.7,88,24.1,1.7
2013-03-06 10:00:00,10,1.1,92,22.3,1.1
2013-03-06 11:00:00,11,1.7,88,25.9,1.7
2013-03-06 12:00:00,12,2.2,89,35.3,2.2
2013-03-06 13:00:00,13,2.2,89,31.7,2.2
2013-03-06 14:00:00,14,1.7,88,33.5,1.7
2013-03-06 15:00:00,15,1.7,88,31.3,1.7
2013-03-06 16:00:00,16,2.2,89,40.7,2.2
2013-03-06 17:00:00,17,2.8,85,50.0,2.8
2013-03-06 18:00:00,18,2.2,89,50.0,2.2
2013-03-06 19:00:00,19,3.3,82,53.6,3.3
2013-03-06 20:00:00,20,3.9,82,46.4,3.9
2013-03-06 21:00:00,21,3.9,82,46.4,3.9
2013-03-06 22:00:00,22,4.4,79,51.8,4.4
2013-03-06 23:00:00,23,4.0,81,38.9,4.0
2013-03-07 00:00:00,0,4.4,79,37.1,4.4
2013-03-07 01:00:00,1,4.4,79,31.7,4.4
2013-03-07 02:00:00,2,4.4,79,25.9,4.4
2013-03-07 03:00:00,3,4.4,73,20.5,4.4
2013-03-07 04:00:00,4,4.4,70,18.4,4.4
2013-03-07 05:00:00,5,5.0,67,24.1,5.0
2013-03-07 06:00:00,6,4.4,70,20.5,4.4
2013-03-07 07:00:00,7,5.0,65,22.3,5.0
2013-03-07 08:00:00,8,4.4,65,24.1,4.4
2013-03-07 09:00:00,9,3.9,64,22.3,3.9
2013-03-07 10:00:00,10,3.3,64,20.5,3.3
2013-03-07 11:00:00,11,3.3,67,13.0,3.3
2013-03-07 12:00:00,12,3.9,62,16.6,3.9
2013-03-07 13:00:00,13,5.0,55,18.4,5.0
2013-03-07 14:00:00,14,6.1,51,25.9,6.1
2013-03-07 15:00:00,15,7.2,47,40.7,7.2
2013-03-07 16:00:00,16,8.3,42,37.1,8.3
2013-03-07 17:00:00,17,9.4,39,35.3,9.4
2013-03-07 18:00:00,18,9.4,39,22.3,9.4
2013-03-07 19:00:00,19,10.6,36,35.3,10.6
2013-03-07 20:00:00,20,10.6,36,37.1,10.6
2013-03-07 21:00:00,21,10.0,36,38.9,10.0
2013-03-07 22:00:00,22,8.9,40,37.1,8.9
2013-03-07 23:00:00,23,8.3,42,25.9,8.3
2013-03-08 00:00:00,0,7.8,45,25.9,7.8
2013-03-08 01:00:00,1,7.2,47,20.5,7.2
2013-03-08 02:00:00,2,6.7,51,22.3,6.7
2013-03-08 03:00:00,3,5.6,55,22.3,5.6
2013-03-08 04:00:00,4,5.0,57,18.4,5.0
2013-03-08 05:00:00,5,5.0,57,24.1,5.0
2013-03-08 06:00:00,6,4.4,57,27.7,4.4
2013-03-08 07:00:00,7,3.9,59,25.9,3.9
2013-03-08 08:00:00,8,3.9,57,20.5,3.9
2013-03-08 09:00:00,9,3.3,62,16.6,3.3
2013-03-08 10:00:00,10,3.3,62,22.3,3.3
2013-03-08 11:00:00,11,3.3,59,20.5,3.3
2013-03-08 12:00:00,12,3.9,57,25.9,3.9
2013-03-08 13:00:00,13,4.4,57,22.3,4.4
2013-03-08 14:00:00,14,4.4,55,46.4,4.4
2013-03-08 15:00:00,15,5.0,51,53.6,5.0
2013-03-08 16:00:00,16,6.1,43,40.7,6.1
2013-03-08 17:00:00,17,7.8,40,40.7,7.8
2013-03-08 18:00:00,18,8.9,40,37.1,8.9
2013-03-08 19:00:00,19,10.0,36,33.5,10.0
2013-03-08 20:00:00,20,10.6,38,27.7,10.6
2013-03-08 21:00:00,21,10.0,39,37.1,10.0
2013-03-08 22:00:00,22,10.0,39,42.5,10.0
2013-03-08 23:00:00,23,9.4,41,38.9,9.4
2013-03-09 00:00:00,0,8.9,42,37.1,8.9
2013-03-09 01:00:00,1,8.9,42,31.7,8.9
2013-03-09 02:00:00,2,8.9,42,29.5,8.9
2013-03-09 03:00:00,3,8.3,44,24.1,8.3
2013-03-09 04:00:00,4,6.7,47,18.4,6.7
2013-03-09 05:00:00,5,6.1,49,16.6,6.1
2013-03-09 06:00:00,6,5.6,49,16.6,5.6
2013-03-09 07:00:00,7,4.4,53,18.4,4.4
2013-03-09 08:00:00,8,3.9,52,16.6,3.9
2013-03-09 09:00:00,9,3.3,57,13.0,3.3
2013-03-09 10:00:00,10,2.2,59,13.0,2.2
2013-03-09 11:00:00,11,1.7,64,18.4,1.7
2013-03-09 12:00:00,12,2.2,59,16.6,2.2
2013-03-09 13:00:00,13,3.9,52,18.4,3.9
2013-03-09 14:00:00,14,6.7,43,18.4,6.7
2013-03-09 15:00:00,15,8.3,37,14.8,8.3
2013-03-09 16:00:00,16,10.6,32,13.0,10.6
2013-03-09 17:00:00,17,12.2,28,5.4,12.2
2013-03-09 18:00:00,18,13.9,24,4.0,13.9
2013-03-09 19:00:00,19,15.0,23,9.4,15.0
2013-03-09 20:00:00,20,16.1,19,7.6,16.1
2013-03-09 21:00:00,21,16.7,18,0.0,16.7
2013-03-09 22:00:00,22,16.1,19,7.6,16.1
2013-03-09 23:00:00,23,15.0,22,11.2,15.0
2013-03-10 00:00:00,0,13.9,24,7.6,13.9
2013-03-10 01:00:00,1,10.0,46,0.0,10.0
2013-03-10 02:00:00,2,8.9,54,0.0,8.9
2013-03-10 03:00:00,3,7.8,53,7.6,7.8
2013-03-10 04:00:00,4,6.7,65,5.4,6.7
2013-03-10 05:00:00,5,6.1,68,5.4,6.1
2013-03-10 06:00:00,6,5.6,73,9.4,5.6
2013-03-10 07:00:00,7,4.4,70,0.0,4.4
2013-03-10 08:00:00,8,4.4,70,0.0,4.4
2013-03-10 09:00:00,9,3.9,76,0.0,3.9
2013-03-10 10:00:00,10,3.3,73,0.0,3.3
2013-03-10 11:00:00,11,3.3,70,0.0,3.3
2013-03-10 12:00:00,12,2.8,78,0.0,2.8
2013-03-10 13:00:00,13,5.0,67,0.0,5.0
2013-03-10 14:00:00,14,8.3,49,0.0,8.3
2013-03-10 15:00:00,15,9.4,42,9.4,9.4
2013-03-10 16:00:00,16,11.7,36,9.4,11.7
2013-03-10 17:00:00,17,15.0,29,38.9,15.0
2013-03-10 18:00:00,18,16.1,25,16.6,16.1
2013-03-10 19:00:00,19,16.7,20,16.6,16.7
2013-03-10 20:00:00,20,16.7,18,18.4,16.7
2013-03-10 21:00:00,21,16.7,17,16.6,16.7
2013-03-10 22:00:00,22,13.9,31,18.4,13.9
2013-03-10 23:00:00,23,13.9,22,14.8,13.9
2013-03-11 00:00:00,0,11.7,32,11.2,11.7
2013-03-11 01:00:00,1,11.1,27,14.8,11.1
2013-03-11 02:00:00,2,9.4,38,13.0,9.4
2013-03-11 03:00:00,3,8.9,54,9.4,8.9
2013-03-11 04:00:00,4,7.8,68,11.2,7.8
2013-03-11 05:00:00,5,7.2,80,9.4,7.2
2013-03-11 06:00:00,6,7.2,82,9.4,7.2
2013-03-11 07:00:00,7,7.2,82,11.2,7.2
2013-03-11 08:00:00,8,7.2,86,16.6,7.2
2013-03-11 09:00:00,9,7.2,86,13.0,7.2
2013-03-11 10:00:00,10,7.2,86,13.0,7.2
2013-03-11 11:00:00,11,7.2,86,11.2,7.2
2013-03-11 12:00:00,12,7.2,90,14.8,7.2
2013-03-11 13:00:00,13,7.8,82,16.6,7.8
2013-03-11 14:00:00,14,8.3,83,11.2,8.3
2013-03-11 15:00:00,15,10.0,74,13.0,10.0
2013-03-11 16:00:00,16,11.1,71,14.8,11.1
2013-03-11 17:00:00,17,12.8,66,14.8,12.8
2013-03-11 18:00:00,18,13.3,66,14.8,13.3
2013-03-11 19:00:00,19,15.0,60,18.4,15.0
2013-03-11 20:00:00,20,15.0,64,16.6,15.0
2013-03-11 21:00:00,21,15.6,62,16.6,15.6
2013-03-11 22:00:00,22,15.6,60,22.3,15.6
2013-03-11 23:00:00,23,15.0,64,14.8,15.0
2013-03-12 00:00:00,0,14.4,64,20.5,14.4
2013-03-12 01:00:00,1,13.9,67,14.8,13.9
2013-03-12 02:00:00,2,13.9,67,16.6,13.9
2013-03-12 03:00:00,3,13.9,67,22.3,13.9
2013-03-12 04:00:00,4,14.4,64,29.5,14.4
2013-03-12 05:00:00,5,14.4,67,29.5,14.4
2013-03-12 06:00:00,6,14.4,67,31.3,14.4
2013-03-12 07:00:00,7,13.9,72,22.3,13.9
2013-03-12 08:00:00,8,13.3,77,20.5,13.3
2013-03-12 09:00:00,9,13.9,77,25.9,13.9
2013-03-12 10:00:00,10,13.3,84,22.3,13.3
2013-03-12 11:00:00,11,13.9,87,22.3,13.9
2013-03-12 12:00:00,12,13.3,90,22.3,13.3
2013-03-12 13:00:00,13,14.4,87,27.7,14.4
2013-03-12 14:00:00,14,14.4,87,27.7,14.4
2013-03-12 15:00:00,15,15.0,87,25.9,15.0
2013-03-12 16:00:00,16,12.2,90,25.9,12.2
2013-03-12 17:00:00,17,12.8,77,25.9,12.8
2013-03-12 18:00:00,18,14.4,70,18.4,14.4
2013-03-12 19:00:00,19,15.0,60,20.5,15.0
2013-03-12 20:00:00,20,14.4,57,29.5,14.4
2013-03-12 21:00:00,21,13.3,55,31.3,13.3
2013-03-12 22:00:00,22,13.3,47,29.5,13.3
2013-03-12 23:00:00,23,10.6,52,29.5,10.6
2013-03-13 00:00:00,0,8.9,54,27.7,8.9
2013-03-13 01:00:00,1,8.3,54,22.3,8.3
2013-03-13 02:00:00,2,7.8,53,24.1,7.8
2013-03-13 03:00:00,3,7.2,53,18.4,7.2
2013-03-13 04:00:00,4,6.7,55,14.8,6.7
2013-03-13 05:00:00,5,6.1,57,14.8,6.1
2013-03-13 06:00:00,6,5.6,57,11.2,5.6
2013-03-13 07:00:00,7,5.0,55,7.6,5.0
2013-03-13 08:00:00,8,5.6,50,5.4,5.6
2013-03-13 09:00:00,9,5.0,53,0.0,5.0
2013-03-13 10:00:00,10,4.4,65,0.0,4.4
2013-03-13 11:00:00,11,3.3,64,7.6,3.3
2013-03-13 12:00:00,12,4.4,57,0.0,4.4
2013-03-13 13:00:00,13,5.0,60,5.4,5.0
2013-03-13 14:00:00,14,6.7,58,16.6,6.7
2013-03-13 15:00:00,15,7.8,45,13.0,7.8
2013-03-13 16:00:00,16,9.4,46,16.6,9.4
2013-03-13 17:00:00,17,10.0,37,18.4,10.0
2013-03-13 18:00:00,18,9.4,42,25.9,9.4
2013-03-13 19:00:00,19,11.1,31,25.9,11.1
2013-03-13 20:00:00,20,11.1,26,27.7,11.1
2013-03-13 21:00:00,21,10.0,27,29.5,10.0
2013-03-13 22:00:00,22,9.4,33,24.1,9.4
2013-03-13 23:00:00,23,7.8,40,29.5,7.8
2013-03-14 00:00:00,0,5.6,44,35.3,5.6
2013-03-14 01:00:00,1,5.0,44,20.5,5.0
2013-03-14 02:00:00,2,4.4,39,33.5,4.4
2013-03-14 03:00:00,3,3.3,42,20.5,3.3
2013-03-14 04:00:00,4,2.8,44,18.4,2.8
2013-03-14 05:00:00,5,2.2,46,29.5,2.2
2013-03-14 06:00:00,6,2.2,46,25.9,2.2
2013-03-14 07:00:00,7,1.7,49,13.0,1.7
2013-03-14 08:00:00,8,1.7,47,22.3,1.7
2013-03-14 09:00:00,9,1.1,41,27.7,1.1
2013-03-14 10:00:00,10,1.1,41,20.5,1.1
2013-03-14 11:00:00,11,1.1,41,24.1,1.1
2013-03-14 12:00:00,12,1.1,43,24.1,1.1
2013-03-14 13:00:00,13,2.2,40,16.6,2.2
2013-03-14 14:00:00,14,2.8,37,25.9,2.8
2013-03-14 15:00:00,15,3.9,36,35.3,3.9
2013-03-14 16:00:00,16,5.0,33,31.7,5.0
2013-03-14 17:00:00,17,5.6,33,33.5,5.6
2013-03-14 18:00:00,18,6.7,29,35.3,6.7
2013-03-14 19:00:00,19,7.2,27,38.9,7.2
2013-03-14 20:00:00,20,8.3,25,27.7,8.3
2013-03-14 21:00:00,21,8.3,24,37.1,8.3
2013-03-14 22:00:00,22,7.8,23,37.1,7.8
2013-03-14 23:00:00,23,6.7,27,25.9,6.7
2013-03-15 00:00:00,0,6.1,29,25.9,6.1
2013-03-15 01:00:00,1,5.6,30,18.4,5.6
2013-03-15 02:00:00,2,5.0,31,5.4,5.0
2013-03-15 03:00:00,3,4.4,36,13.0,4.4
2013-03-15 04:00:00,4,3.9,36,0.0,3.9
2013-03-15 05:00:00,5,4.4,37,11.2,4.4
2013-03-15 06:00:00,6,2.8,44,0.0,2.8
2013-03-15 07:00:00,7,1.7,56,7.6,1.7
2013-03-15 08:00:00,8,1.1,54,7.6,1.1
2013-03-15 09:00:00,9,1.1,56,7.6,1.1
2013-03-15 10:00:00,10,1.1,59,7.6,1.1
2013-03-15 11:00:00,11,0.6,56,9.4,0.6
2013-03-15 12:00:00,12,1.7,52,9.4,1.7
2013-03-15 13:00:00,13,3.3,46,11.2,3.3
2013-03-15 14:00:00,14,6.1,38,20.5,6.1
2013-03-15 15:00:00,15,7.8,32,18.4,7.8
2013-03-15 16:00:00,16,8.3,28,24.1,8.3
2013-03-15 17:00:00,17,10.6,26,29.5,10.6
2013-03-15 18:00:00,18,12.2,24,22.3,12.2
2013-03-15 19:00:00,19,13.3,26,27.7,13.3
2013-03-15 20:00:00,20,13.9,25,20.5,13.9
2013-03-15 21:00:00,21,14.4,27,24.1,14.4
2013-03-15 22:00:00,22,14.4,29,18.4,14.4
2013-03-15 23:00:00,23,13.3,34,22.3,13.3
2013-03-16 00:00:00,0,12.2,38,14.8,12.2
2013-03-16 01:00:00,1,12.2,38,0.0,12.2
2013-03-16 02:00:00,2,10.6,48,5.4,10.6
2013-03-16 03:00:00,3,11.1,44,7.6,11.1
2013-03-16 04:00:00,4,9.4,59,0.0,9.4
2013-03-16 05:00:00,5,7.8,65,7.6,7.8
2013-03-16 06:00:00,6,6.7,76,11.2,6.7
2013-03-16 07:00:00,7,7.2,65,5.4,7.2
2013-03-16 08:00:00,8,7.2,76,0.0,7.2
2013-03-16 09:00:00,9,7.8,76,5.4,7.8
2013-03-16 10:00:00,10,8.3,65,7.6,8.3
2013-03-16 11:00:00,11,8.9,56,7.6,8.9
2013-03-16 12:00:00,12,8.9,54,4.9,8.9
2013-03-16 13:00:00,13,8.9,56,0.0,8.9
2013-03-16 14:00:00,14,9.4,54,13.0,9.4
2013-03-16 15:00:00,15,11.1,50,14.8,11.1
2013-03-16 16:00:00,16,12.2,49,14.8,12.2
2013-03-16 17:00:00,17,13.9,44,5.4,13.9
2013-03-16 18:00:00,18,14.4,47,9.4,14.4
2013-03-16 19:00:00,19,15.0,51,16.6,15.0
2013-03-16 20:00:00,20,15.0,55,11.2,15.0
2013-03-16 21:00:00,21,12.8,69,5.4,12.8
2013-03-16 22:00:00,22,11.7,66,20.5,11.7
2013-03-16 23:00:00,23,9.4,63,24.1,9.4
2013-03-17 00:00:00,0,7.8,68,18.4,7.8
2013-03-17 01:00:00,1,7.2,68,18.4,7.2
2013-03-17 02:00:00,2,6.7,70,16.6,6.7
2013-03-17 03:00:00,3,6.1,70,14.8,6.1
2013-03-17 04:00:00,4,5.6,73,25.9,5.6
2013-03-17 05:00:00,5,5.0,73,20.5,5.0
2013-03-17 06:00:00,6,4.4,76,20.5,4.4
2013-03-17 07:00:00,7,3.9,76,22.3,3.9
2013-03-17 08:00:00,8,3.3,76,13.0,3.3
2013-03-17 09:00:00,9,3.3,73,13.0,3.3
2013-03-17 10:00:00,10,2.8,72,11.2,2.8
2013-03-17 11:00:00,11,2.8,72,14.8,2.8
2013-03-17 12:00:00,12,3.3,70,4.0,3.3
2013-03-17 13:00:00,13,3.9,67,0.0,3.9
2013-03-17 14:00:00,14,5.0,62,7.6,5.0
2013-03-17 15:00:00,15,6.1,55,8.2,6.1
2013-03-17 16:00:00,16,6.1,57,13.0,6.1
2013-03-17 17:00:00,17,5.6,59,16.6,5.6
2013-03-17 18:00:00,18,5.0,62,13.0,5.0
2013-03-17 19:00:00,19,5.0,60,13.0,5.0
2013-03-17 20:00:00,20,5.0,62,9.4,5.0
2013-03-17 21:00:00,21,5.6,57,9.4,5.6
2013-03-17 22:00:00,22,5.6,53,7.6,5.6
2013-03-17 23:00:00,23,5.0,53,11.2,5.0
2013-03-18 00:00:00,0,5.0,53,7.6,5.0
2013-03-18 01:00:00,1,4.4,70,13.0,4.4
2013-03-18 02:00:00,2,3.9,67,7.6,3.9
2013-03-18 03:00:00,3,4.4,62,5.4,4.4
2013-03-18 04:00:00,4,4.4,60,11.2,4.4
2013-03-18 05:00:00,5,4.4,57,11.2,4.4
2013-03-18 06:00:00,6,4.4,55,14.8,4.4
2013-03-18 07:00:00,7,3.9,48,20.5,3.9
2013-03-18 08:00:00,8,3.9,48,18.4,3.9
2013-03-18 09:00:00,9,3.9,48,14.8,3.9
2013-03-18 10:00:00,10,3.3,54,18.4,3.3
2013-03-18 11:00:00,11,2.8,54,22.3,2.8
2013-03-18 12:00:00,12,2.2,62,20.5,2.2
2013-03-18 13:00:00,13,0.6,85,7.6,0.6
2013-03-18 14:00:00,14,1.1,79,9.4,1.1
2013-03-18 15:00:00,15,2.2,75,14.8,2.2
2013-03-18 16:00:00,16,2.8,76,14.8,2.8
2013-03-18 17:00:00,17,3.9,70,13.0,3.9
2013-03-18 18:00:00,18,3.9,72,18.4,3.9
2013-03-18 19:00:00,19,3.0,87,14.8,3.0
2013-03-18 20:00:00,20,3.0,93,0.0,3.0
2013-03-18 21:00:00,21,4.0,87,5.4,4.0
2013-03-18 22:00:00,22,4.0,87,11.2,4.0
2013-03-18 23:00:00,23,4.0,87,13.0,4.0
2013-03-19 00:00:00,0,3.9,89,11.2,3.9
2013-03-19 01:00:00,1,3.9,89,7.6,3.9
2013-03-19 02:00:00,2,3.9,89,7.6,3.9
2013-03-19 03:00:00,3,3.9,89,14.8,3.9
2013-03-19 04:00:00,4,4.4,86,7.6,4.4
2013-03-19 05:00:00,5,3.9,86,14.8,3.9
2013-03-19 06:00:00,6,4.0,87,0.0,4.0
2013-03-19 07:00:00,7,3.9,89,0.0,3.9
2013-03-19 08:00:00,8,3.9,89,0.0,3.9
2013-03-19 09:00:00,9,3.9,89,0.0,3.9
2013-03-19 10:00:00,10,3.9,86,0.0,3.9
2013-03-19 11:00:00,11,3.9,89,5.4,3.9
2013-03-19 12:00:00,12,3.9,86,11.2,3.9
2013-03-19 13:00:00,13,3.9,82,9.4,3.9
2013-03-19 14:00:00,14,5.6,79,13.0,5.6
2013-03-19 15:00:00,15,8.3,71,9.4,8.3
2013-03-19 16:00:00,16,10.6,58,18.4,10.6
2013-03-19 17:00:00,17,12.8,47,11.2,12.8
2013-03-19 18:00:00,18,13.9,42,20.5,13.9
2013-03-19 19:00:00,19,13.3,53,24.1,13.3
2013-03-19 20:00:00,20,15.0,31,25.9,15.0
2013-03-19 21:00:00,21,15.6,32,24.1,15.6
2013-03-19 22:00:00,22,15.0,25,18.4,15.0
2013-03-19 23:00:00,23,14.4,12,24.1,14.4
2013-03-20 00:00:00,0,12.8,14,35.3,12.8
2013-03-20 01:00:00,1,11.7,15,27.7,11.7
2013-03-20 02:00:00,2,10.6,16,25.9,10.6
2013-03-20 03:00:00,3,9.4,17,24.1,9.4
2013-03-20 04:00:00,4,8.9,16,37.1,8.9
2013-03-20 05:00:00,5,7.8,18,27.7,7.8
2013-03-20 06:00:00,6,6.7,22,25.9,6.7
2013-03-20 07:00:00,7,5.6,25,14.8,5.6
2013-03-20 08:00:00,8,5.0,28,5.4,5.0
2013-03-20 09:00:00,9,3.9,28,16.6,3.9
2013-03-20 10:00:00,10,4.4,26,16.6,4.4
2013-03-20 11:00:00,11,3.9,27,11.2,3.9
2013-03-20 12:00:00,12,4.4,27,13.0,4.4
2013-03-20 13:00:00,13,5.6,25,20.5,5.6
2013-03-20 14:00:00,14,7.2,23,14.8,7.2
2013-03-20 15:00:00,15,8.3,22,20.5,8.3
2013-03-20 16:00:00,16,9.4,22,24.1,9.4
2013-03-20 17:00:00,17,10.0,21,33.5,10.0
2013-03-20 18:00:00,18,10.0,20,22.3,10.0
2013-03-20 19:00:00,19,11.7,19,24.1,11.7
2013-03-20 20:00:00,20,11.1,17,24.1,11.1
2013-03-20 21:00:00,21,11.1,19,16.6,11.1
2013-03-20 22:00:00,22,11.7,18,27.7,11.7
2013-03-20 23:00:00,23,11.1,19,11.2,11.1
2013-03-21 00:00:00,0,11.1,20,27.7,11.1
2013-03-21 01:00:00,1,11.1,18,13.0,11.1
2013-03-21 02:00:00,2,8.9,28,16.6,8.9
2013-03-21 03:00:00,3,8.9,28,22.3,8.9
2013-03-21 04:00:00,4,6.1,43,29.5,6.1
2013-03-21 05:00:00,5,5.6,49,20.5,5.6
2013-03-21 06:00:00,6,4.4,53,27.7,4.4
2013-03-21 07:00:00,7,3.9,50,25.9,3.9
2013-03-21 08:00:00,8,2.8,56,37.1,2.8
2013-03-21 09:00:00,9,1.7,72,31.3,1.7
2013-03-21 10:00:00,10,1.7,61,20.5,1.7
2013-03-21 11:00:00,11,1.7,47,25.9,1.7
2013-03-21 12:00:00,12,1.7,40,25.9,1.7
2013-03-21 13:00:00,13,1.7,40,27.7,1.7
2013-03-21 14:00:00,14,1.7,38,27.7,1.7
2013-03-21 15:00:00,15,2.2,38,25.9,2.2
2013-03-21 16:00:00,16,2.8,35,25.9,2.8
2013-03-21 17:00:00,17,3.3,32,33.5,3.3
2013-03-21 18:00:00,18,2.8,35,33.5,2.8
2013-03-21 19:00:00,19,4.4,29,20.5,4.4
2013-03-21 20:00:00,20,2.2,34,22.3,2.2
2013-03-21 21:00:00,21,2.2,32,29.5,2.2
2013-03-21 22:00:00,22,2.2,28,29.5,2.2
2013-03-21 23:00:00,23,1.7,29,22.3,1.7
2013-03-22 00:00:00,0,0.6,30,27.7,0.6
2013-03-22 01:00:00,1,0.6,32,18.4,0.6
2013-03-22 02:00:00,2,0.0,33,20.5,0.0
2013-03-22 03:00:00,3,-0.6,34,14.8,-0.6
2013-03-22 04:00:00,4,-0.6,36,11.2,-0.6
2013-03-22 05:00:00,5,-0.6,38,14.8,-0.6
2013-03-22 06:00:00,6,-0.6,39,16.6,-0.6
2013-03-22 07:00:00,7,-1.1,41,18.4,-1.1
2013-03-22 08:00:00,8,-1.1,41,11.2,-1.1
2013-03-22 09:00:00,9,-1.1,43,11.2,-1.1
2013-03-22 10:00:00,10,-2.2,48,9.4,-2.2
2013-03-22 11:00:00,11,-1.1,47,11.2,-1.1
2013-03-22 12:00:00,12,0.6,41,18.4,0.6
2013-03-22 13:00:00,13,1.7,38,13.0,1.7
2013-03-22 14:00:00,14,3.3,35,29.5,3.3
2013-03-22 15:00:00,15,4.4,34,24.1,4.4
2013-03-22 16:00:00,16,3.9,34,18.4,3.9
2013-03-22 17:00:00,17,6.1,30,25.9,6.1
2013-03-22 18:00:00,18,7.2,28,24.1,7.2
2013-03-22 19:00:00,19,8.9,28,22.3,8.9
2013-03-22 20:00:00,20,9.4,26,29.5,9.4
2013-03-22 21:00:00,21,9.4,26,22.3,9.4
2013-03-22 22:00:00,22,8.9,26,27.7,8.9
2013-03-22 23:00:00,23,7.8,30,24.1,7.8
2013-03-23 00:00:00,0,6.1,35,13.0,6.1
2013-03-23 01:00:00,1,5.0,38,18.4,5.0
2013-03-23 02:00:00,2,4.4,41,11.2,4.4
2013-03-23 03:00:00,3,3.9,42,7.6,3.9
2013-03-23 04:00:00,4,2.8,48,9.4,2.8
2013-03-23 05:00:00,5,2.8,46,5.4,2.8
2013-03-23 06:00:00,6,2.2,46,7.6,2.2
2013-03-23 07:00:00,7,2.2,46,0.0,2.2
2013-03-23 08:00:00,8,1.1,50,5.4,1.1
2013-03-23 09:00:00,9,1.7,49,7.6,1.7
2013-03-23 10:00:00,10,1.1,52,9.4,1.1
2013-03-23 11:00:00,11,1.1,52,9.4,1.1
2013-03-23 12:00:00,12,2.2,50,11.2,2.2
2013-03-23 13:00:00,13,3.9,44,13.0,3.9
2013-03-23 14:00:00,14,6.1,38,7.6,6.1
2013-03-23 15:00:00,15,7.2,36,16.6,7.2
2013-03-23 16:00:00,16,8.9,34,25.9,8.9
2013-03-23 17:00:00,17,10.0,32,24.1,10.0
2013-03-23 18:00:00,18,10.6,30,13.0,10.6
2013-03-23 19:00:00,19,11.7,27,16.6,11.7
2013-03-23 20:00:00,20,12.2,26,13.0,12.2
2013-03-23 21:00:00,21,12.8,26,16.6,12.8
2013-03-23 22:00:00,22,12.2,25,13.0,12.2
2013-03-23 23:00:00,23,11.1,28,14.8,11.1
2013-03-24 00:00:00,0,9.4,33,13.0,9.4
2013-03-24 01:00:00,1,8.9,33,14.8,8.9
2013-03-24 02:00:00,2,7.2,40,14.8,7.2
2013-03-24 03:00:00,3,7.2,40,24.1,7.2
2013-03-24 04:00:00,4,6.1,43,22.3,6.1
2013-03-24 05:00:00,5,4.4,50,14.8,4.4
2013-03-24 06:00:00,6,3.9,48,11.2,3.9
2013-03-24 07:00:00,7,3.3,48,16.6,3.3
2013-03-24 08:00:00,8,3.3,46,5.4,3.3
2013-03-24 09:00:00,9,2.2,50,9.4,2.2
2013-03-24 10:00:00,10,1.7,58,9.4,1.7
2013-03-24 11:00:00,11,2.2,52,7.6,2.2
2013-03-24 12:00:00,12,2.8,54,9.4,2.8
2013-03-24 13:00:00,13,3.9,50,9.4,3.9
2013-03-24 14:00:00,14,4.4,48,16.6,4.4
2013-03-24 15:00:00,15,5.6,41,11.2,5.6
2013-03-24 16:00:00,16,5.6,39,11.2,5.6
2013-03-24 17:00:00,17,6.1,41,7.6,6.1
2013-03-24 18:00:00,18,6.7,36,7.6,6.7
2013-03-24 19:00:00,19,6.7,40,9.4,6.7
2013-03-24 20:00:00,20,6.1,41,11.2,6.1
2013-03-24 21:00:00,21,6.1,41,13.0,6.1
2013-03-24 22:00:00,22,6.1,41,9.4,6.1
2013-03-24 23:00:00,23,5.0,51,9.4,5.0
2013-03-25 00:00:00,0,2.8,76,13.0,2.8
2013-03-25 01:00:00,1,1.7,88,9.4,1.7
2013-03-25 02:00:00,2,2.0,87,11.2,2.0
2013-03-25 03:00:00,3,2.2,85,9.4,2.2
2013-03-25 04:00:00,4,2.0,87,9.4,2.0
2013-03-25 05:00:00,5,2.0,87,9.4,2.0
2013-03-25 06:00:00,6,2.2,82,13.0,2.2
2013-03-25 07:00:00,7,1.7,88,7.6,1.7
2013-03-25 08:00:00,8,1.0,86,14.8,1.0
2013-03-25 09:00:00,9,0.6,92,11.2,0.6
2013-03-25 10:00:00,10,1.0,86,9.4,1.0
2013-03-25 11:00:00,11,1.1,92,14.8,1.1
2013-03-25 12:00:00,12,1.1,88,18.4,1.1
2013-03-25 13:00:00,13,2.0,87,14.8,2.0
2013-03-25 14:00:00,14,1.7,88,18.4,1.7
2013-03-25 15:00:00,15,2.2,85,13.0,2.2
2013-03-25 16:00:00,16,2.2,85,9.4,2.2
2013-03-25 17:00:00,17,2.8,85,13.0,2.8
2013-03-25 18:00:00,18,3.3,86,13.0,3.3
2013-03-25 19:00:00,19,4.0,81,14.8,4.0
2013-03-25 20:00:00,20,3.9,82,18.4,3.9
2013-03-25 21:00:00,21,3.9,82,16.6,3.9
2013-03-25 22:00:00,22,3.9,79,11.2,3.9
2013-03-25 23:00:00,23,3.3,86,9.4,3.3
2013-03-26 00:00:00,0,3.0,87,11.2,3.0
2013-03-26 01:00:00,1,3.3,82,11.2,3.3
2013-03-26 02:00:00,2,3.3,82,13.0,3.3
2013-03-26 03:00:00,3,2.8,82,11.2,2.8
2013-03-26 04:00:00,4,2.8,85,11.2,2.8
2013-03-26 05:00:00,5,2.8,85,11.2,2.8
2013-03-26 06:00:00,6,2.8,85,5.4,2.8
2013-03-26 07:00:00,7,2.8,85,14.8,2.8
2013-03-26 08:00:00,8,2.2,85,11.2,2.2
2013-03-26 09:00:00,9,2.2,85,11.2,2.2
2013-03-26 10:00:00,10,2.2,85,9.4,2.2
2013-03-26 11:00:00,11,2.0,80,11.2,2.0
2013-03-26 12:00:00,12,2.8,82,0.0,2.8
2013-03-26 13:00:00,13,5.0,70,13.0,5.0
2013-03-26 14:00:00,14,6.1,68,20.5,6.1
2013-03-26 15:00:00,15,7.8,58,14.8,7.8
2013-03-26 16:00:00,16,8.9,51,18.4,8.9
2013-03-26 17:00:00,17,8.3,48,18.4,8.3
2013-03-26 18:00:00,18,9.4,41,22.3,9.4
2013-03-26 19:00:00,19,8.3,44,18.4,8.3
2013-03-26 20:00:00,20,8.9,40,16.6,8.9
2013-03-26 21:00:00,21,10.0,36,11.2,10.0
2013-03-26 22:00:00,22,9.4,36,20.5,9.4
2013-03-26 23:00:00,23,8.9,39,22.3,8.9
2013-03-27 00:00:00,0,8.9,42,18.4,8.9
2013-03-27 01:00:00,1,8.3,44,13.0,8.3
2013-03-27 02:00:00,2,8.3,42,14.8,8.3
2013-03-27 03:00:00,3,8.3,42,16.6,8.3
2013-03-27 04:00:00,4,7.2,47,20.5,7.2
2013-03-27 05:00:00,5,6.7,51,22.3,6.7
2013-03-27 06:00:00,6,5.6,55,14.8,5.6
2013-03-27 07:00:00,7,5.0,57,9.4,5.0
2013-03-27 08:00:00,8,5.0,55,11.2,5.0
2013-03-27 09:00:00,9,4.4,60,7.6,4.4
2013-03-27 10:00:00,10,4.4,57,11.2,4.4
2013-03-27 11:00:00,11,4.4,57,14.8,4.4
2013-03-27 12:00:00,12,5.0,55,20.5,5.0
2013-03-27 13:00:00,13,6.1,51,27.7,6.1
2013-03-27 14:00:00,14,7.2,47,29.5,7.2
2013-03-27 15:00:00,15,8.9,44,33.5,8.9
2013-03-27 16:00:00,16,9.4,42,24.1,9.4
2013-03-27 17:00:00,17,10.6,39,27.7,10.6
2013-03-27 18:00:00,18,10.0,36,27.7,10.0
2013-03-27 19:00:00,19,10.6,36,22.3,10.6
2013-03-27 20:00:00,20,8.9,44,31.7,8.9
2013-03-27 21:00:00,21,9.4,42,27.7,9.4
2013-03-27 22:00:00,22,8.9,40,22.3,8.9
2013-03-27 23:00:00,23,8.9,34,22.3,8.9
2013-03-28 00:00:00,0,7.8,42,29.5,7.8
2013-03-28 01:00:00,1,7.8,42,18.4,7.8
2013-03-28 02:00:00,2,6.7,47,20.5,6.7
2013-03-28 03:00:00,3,6.1,49,16.6,6.1
2013-03-28 04:00:00,4,5.6,50,16.6,5.6
2013-03-28 05:00:00,5,5.0,53,13.0,5.0
2013-03-28 06:00:00,6,5.6,50,14.8,5.6
2013-03-28 07:00:00,7,5.0,55,13.0,5.0
2013-03-28 08:00:00,8,4.4,55,7.6,4.4
2013-03-28 09:00:00,9,5.0,53,14.8,5.0
2013-03-28 10:00:00,10,4.4,55,16.6,4.4
2013-03-28 11:00:00,11,4.4,53,14.8,4.4
2013-03-28 12:00:00,12,5.6,53,9.4,5.6
2013-03-28 13:00:00,13,6.7,49,14.8,6.7
2013-03-28 14:00:00,14,7.2,49,24.1,7.2
2013-03-28 15:00:00,15,7.8,47,31.3,7.8
2013-03-28 16:00:00,16,8.3,46,22.3,8.3
2013-03-28 17:00:00,17,9.4,42,25.9,9.4
2013-03-28 18:00:00,18,8.9,42,25.9,8.9
2013-03-28 19:00:00,19,9.4,41,20.5,9.4
2013-03-28 20:00:00,20,9.4,42,29.5,9.4
2013-03-28 21:00:00,21,9.4,42,18.4,9.4
2013-03-28 22:00:00,22,8.9,46,27.7,8.9
2013-03-28 23:00:00,23,8.3,46,18.4,8.3
2013-03-29 00:00:00,0,8.3,46,24.1,8.3
2013-03-29 01:00:00,1,8.3,46,24.1,8.3
2013-03-29 02:00:00,2,7.8,47,22.3,7.8
2013-03-29 03:00:00,3,7.2,51,14.8,7.2
2013-03-29 04:00:00,4,7.2,51,13.0,7.2
2013-03-29 05:00:00,5,6.7,55,13.0,6.7
2013-03-29 06:00:00,6,7.2,53,14.8,7.2
2013-03-29 07:00:00,7,7.2,53,20.5,7.2
2013-03-29 08:00:00,8,6.1,55,13.0,6.1
2013-03-29 09:00:00,9,6.1,55,13.0,6.1
2013-03-29 10:00:00,10,6.1,53,13.0,6.1
2013-03-29 11:00:00,11,6.1,51,14.8,6.1
2013-03-29 12:00:00,12,6.7,51,13.0,6.7
2013-03-29 13:00:00,13,8.3,49,25.9,8.3
2013-03-29 14:00:00,14,9.4,44,14.8,9.4
2013-03-29 15:00:00,15,10.6,42,13.0,10.6
2013-03-29 16:00:00,16,11.7,39,24.1,11.7
2013-03-29 17:00:00,17,13.9,34,25.9,13.9
2013-03-29 18:00:00,18,13.9,31,20.5,13.9
2013-03-29 19:00:00,19,12.8,29,37.1,12.8
2013-03-29 20:00:00,20,13.3,30,20.5,13.3
2013-03-29 21:00:00,21,13.9,29,20.5,13.9
2013-03-29 22:00:00,22,12.8,31,14.8,12.8
2013-03-29 23:00:00,23,12.8,30,13.0,12.8
2013-03-30 00:00:00,0,11.7,32,9.4,11.7
2013-03-30 01:00:00,1,11.1,32,5.4,11.1
2013-03-30 02:00:00,2,9.4,41,5.4,9.4
2013-03-30 03:00:00,3,8.3,63,5.4,8.3
2013-03-30 04:00:00,4,8.9,54,0.0,8.9
2013-03-30 05:00:00,5,6.7,70,5.4,6.7
2013-03-30 06:00:00,6,6.7,60,5.4,6.7
2013-03-30 07:00:00,7,5.0,76,9.4,5.0
2013-03-30 08:00:00,8,5.6,62,5.4,5.6
2013-03-30 09:00:00,9,5.6,64,0.0,5.6
2013-03-30 10:00:00,10,5.0,67,0.0,5.0
2013-03-30 11:00:00,11,5.6,76,0.0,5.6
2013-03-30 12:00:00,12,6.1,73,0.0,6.1
2013-03-30 13:00:00,13,8.9,46,9.4,8.9
2013-03-30 14:00:00,14,10.0,46,5.4,10.0
2013-03-30 15:00:00,15,12.2,38,0.0,12.2
2013-03-30 16:00:00,16,13.3,31,5.4,13.3
2013-03-30 17:00:00,17,14.4,25,0.0,14.4
2013-03-30 18:00:00,18,15.0,25,11.2,15.0
2013-03-30 19:00:00,19,15.6,24,7.6,15.6
2013-03-30 20:00:00,20,15.6,23,9.4,15.6
2013-03-30 21:00:00,21,15.6,21,14.8,15.6
2013-03-30 22:00:00,22,15.6,20,13.0,15.6
2013-03-30 23:00:00,23,14.4,22,7.6,14.4
2013-03-31 00:00:00,0,12.8,27,0.0,12.8
2013-03-31 01:00:00,1,12.2,35,5.4,12.2
2013-03-31 02:00:00,2,10.0,42,9.4,10.0
2013-03-31 03:00:00,3,9.4,46,13.0,9.4
2013-03-31 04:00:00,4,8.3,56,11.2,8.3
2013-03-31 05:00:00,5,8.3,52,9.4,8.3
2013-03-31 06:00:00,6,7.8,55,9.4,7.8
2013-03-31 07:00:00,7,8.3,56,9.4,8.3
2013-03-31 08:00:00,8,8.3,54,5.4,8.3
2013-03-31 09:00:00,9,8.3,52,5.4,8.3
2013-03-31 10:00:00,10,8.3,54,0.0,8.3
2013-03-31 11:00:00,11,7.8,60,7.6,7.8
2013-03-31 12:00:00,12,7.8,65,5.4,7.8
2013-03-31 13:00:00,13,8.3,65,7.6,8.3
2013-03-31 14:00:00,14,9.4,63,0.0,9.4
2013-03-31 15:00:00,15,11.7,56,13.0,11.7
2013-03-31 16:00:00,16,12.8,62,16.6,12.8
2013-03-31 17:00:00,17,12.2,69,18.4,12.2
2013-03-31 18:00:00,18,12.2,72,9.4,12.2
2013-03-31 19:00:00,19,11.1,89,9.4,11.1
2013-03-31 20:00:00,20,11.7,89,13.0,11.7
2013-03-31 21:00:00,21,11.7,86,16.6,11.7
2013-03-31 22:00:00,22,11.7,86,14.8,11.7
2013-03-31 23:00:00,23,11.7,86,13.0,11.7
